Sweep,Variation,tau,seed,shuffle_flag,M,beta0_total_pers,beta1_total_pers,beta1_max_life,pers_entropy_h0,pers_entropy_h1,wasserstein_h0_to_next,wasserstein_h1_to_next,wasserstein_combined_to_next,mmd2_to_next,Low_Confidence
TDA: MMD Canary RawFeat Euclid tau=1-49,Base,1,0,0,800,,,,,,,,,0.0032175779342651367,0
TDA: MMD Canary RawFeat Euclid tau=1-49,Base,2,0,0,800,,,,,,,,,0.0075234174728393555,0
TDA: MMD Canary RawFeat Euclid tau=1-49,Base,3,0,0,800,,,,,,,,,0.019518375396728516,0
TDA: MMD Canary RawFeat Euclid tau=1-49,Base,4,0,0,800,,,,,,,,,0.011837482452392578,0
TDA: MMD Canary RawFeat Euclid tau=1-49,Base,5,0,0,800,,,,,,,,,0.024969935417175293,0
TDA: MMD Canary RawFeat Euclid tau=1-49,Base,6,0,0,800,,,,,,,,,0.025382161140441895,0
TDA: MMD Canary RawFeat Euclid tau=1-49,Base,7,0,0,800,,,,,,,,,0.009120941162109375,0
TDA: MMD Canary RawFeat Euclid tau=1-49,Base,8,0,0,800,,,,,,,,,0.009127974510192871,0
TDA: MMD Canary RawFeat Euclid tau=1-49,Base,9,0,0,800,,,,,,,,,0.006780505180358887,0
TDA: MMD Canary RawFeat Euclid tau=1-49,Base,10,0,0,800,,,,,,,,,0.00638580322265625,0
TDA: MMD Canary RawFeat Euclid tau=1-49,Base,11,0,0,800,,,,,,,,,0.010514020919799805,0
TDA: MMD Canary RawFeat Euclid tau=1-49,Base,12,0,0,800,,,,,,,,,0.012589693069458008,0
TDA: MMD Canary RawFeat Euclid tau=1-49,Base,13,0,0,800,,,,,,,,,0.008498907089233398,0
TDA: MMD Canary RawFeat Euclid tau=1-49,Base,14,0,0,800,,,,,,,,,0.005727410316467285,0
TDA: MMD Canary RawFeat Euclid tau=1-49,Base,15,0,0,800,,,,,,,,,0.0018932819366455078,0
TDA: MMD Canary RawFeat Euclid tau=1-49,Base,16,0,0,800,,,,,,,,,0.016949892044067383,0
TDA: MMD Canary RawFeat Euclid tau=1-49,Base,17,0,0,800,,,,,,,,,0.010509848594665527,0
TDA: MMD Canary RawFeat Euclid tau=1-49,Base,18,0,0,800,,,,,,,,,0.015640974044799805,0
TDA: MMD Canary RawFeat Euclid tau=1-49,Base,19,0,0,800,,,,,,,,,0.008740663528442383,0
TDA: MMD Canary RawFeat Euclid tau=1-49,Base,20,0,0,800,,,,,,,,,0.005200743675231934,0
TDA: MMD Canary RawFeat Euclid tau=1-49,Base,21,0,0,800,,,,,,,,,0.015622973442077637,0
TDA: MMD Canary RawFeat Euclid tau=1-49,Base,22,0,0,800,,,,,,,,,0.0062187910079956055,0
TDA: MMD Canary RawFeat Euclid tau=1-49,Base,23,0,0,800,,,,,,,,,0.009406566619873047,0
TDA: MMD Canary RawFeat Euclid tau=1-49,Base,24,0,0,800,,,,,,,,,0.022576570510864258,0
TDA: MMD Canary RawFeat Euclid tau=1-49,Base,25,0,0,800,,,,,,,,,0.003715991973876953,0
TDA: MMD Canary RawFeat Euclid tau=1-49,Base,26,0,0,800,,,,,,,,,0.007205486297607422,0
TDA: MMD Canary RawFeat Euclid tau=1-49,Base,27,0,0,800,,,,,,,,,0.007345914840698242,0
TDA: MMD Canary RawFeat Euclid tau=1-49,Base,28,0,0,800,,,,,,,,,0.00516057014465332,0
TDA: MMD Canary RawFeat Euclid tau=1-49,Base,29,0,0,800,,,,,,,,,0.005083441734313965,0
TDA: MMD Canary RawFeat Euclid tau=1-49,Base,30,0,0,800,,,,,,,,,0.0063887834548950195,0
TDA: MMD Canary RawFeat Euclid tau=1-49,Base,31,0,0,800,,,,,,,,,0.0035125017166137695,0
TDA: MMD Canary RawFeat Euclid tau=1-49,Base,32,0,0,800,,,,,,,,,0.009510397911071777,0
TDA: MMD Canary RawFeat Euclid tau=1-49,Base,33,0,0,800,,,,,,,,,0.010619401931762695,0
TDA: MMD Canary RawFeat Euclid tau=1-49,Base,34,0,0,800,,,,,,,,,0.005270719528198242,0
TDA: MMD Canary RawFeat Euclid tau=1-49,Base,35,0,0,800,,,,,,,,,0.0073583126068115234,0
TDA: MMD Canary RawFeat Euclid tau=1-49,Base,36,0,0,800,,,,,,,,,0.006662487983703613,0
TDA: MMD Canary RawFeat Euclid tau=1-49,Base,37,0,0,800,,,,,,,,,0.006932735443115234,0
TDA: MMD Canary RawFeat Euclid tau=1-49,Base,38,0,0,800,,,,,,,,,0.011045575141906738,0
TDA: MMD Canary RawFeat Euclid tau=1-49,Base,39,0,0,800,,,,,,,,,0.014782071113586426,0
TDA: MMD Canary RawFeat Euclid tau=1-49,Base,40,0,0,800,,,,,,,,,0.01444864273071289,0
TDA: MMD Canary RawFeat Euclid tau=1-49,Base,41,0,0,800,,,,,,,,,0.0016083717346191406,0
TDA: MMD Canary RawFeat Euclid tau=1-49,Base,42,0,0,800,,,,,,,,,0.010170936584472656,0
TDA: MMD Canary RawFeat Euclid tau=1-49,Base,43,0,0,800,,,,,,,,,0.01703643798828125,0
TDA: MMD Canary RawFeat Euclid tau=1-49,Base,44,0,0,800,,,,,,,,,0.011515498161315918,0
TDA: MMD Canary RawFeat Euclid tau=1-49,Base,45,0,0,800,,,,,,,,,0.026878952980041504,0
TDA: MMD Canary RawFeat Euclid tau=1-49,Base,46,0,0,800,,,,,,,,,0.016410350799560547,0
TDA: MMD Canary RawFeat Euclid tau=1-49,Base,47,0,0,800,,,,,,,,,0.003726363182067871,0
TDA: MMD Canary RawFeat Euclid tau=1-49,Base,48,0,0,800,,,,,,,,,0.010643362998962402,0
TDA: MMD Canary RawFeat Euclid tau=1-49,Base,1,1,0,800,,,,,,,,,0.006242632865905762,0
TDA: MMD Canary RawFeat Euclid tau=1-49,Base,2,1,0,800,,,,,,,,,0.010118603706359863,0
TDA: MMD Canary RawFeat Euclid tau=1-49,Base,3,1,0,800,,,,,,,,,0.016236066818237305,0
TDA: MMD Canary RawFeat Euclid tau=1-49,Base,4,1,0,800,,,,,,,,,0.009503841400146484,0
TDA: MMD Canary RawFeat Euclid tau=1-49,Base,5,1,0,800,,,,,,,,,0.022480487823486328,0
TDA: MMD Canary RawFeat Euclid tau=1-49,Base,6,1,0,800,,,,,,,,,0.02047109603881836,0
TDA: MMD Canary RawFeat Euclid tau=1-49,Base,7,1,0,800,,,,,,,,,0.010282635688781738,0
TDA: MMD Canary RawFeat Euclid tau=1-49,Base,8,1,0,800,,,,,,,,,0.0105820894241333,0
TDA: MMD Canary RawFeat Euclid tau=1-49,Base,9,1,0,800,,,,,,,,,0.00841665267944336,0
TDA: MMD Canary RawFeat Euclid tau=1-49,Base,10,1,0,800,,,,,,,,,0.007800459861755371,0
TDA: MMD Canary RawFeat Euclid tau=1-49,Base,11,1,0,800,,,,,,,,,0.009017467498779297,0
TDA: MMD Canary RawFeat Euclid tau=1-49,Base,12,1,0,800,,,,,,,,,0.011169075965881348,0
TDA: MMD Canary RawFeat Euclid tau=1-49,Base,13,1,0,800,,,,,,,,,0.00904393196105957,0
TDA: MMD Canary RawFeat Euclid tau=1-49,Base,14,1,0,800,,,,,,,,,0.007007479667663574,0
TDA: MMD Canary RawFeat Euclid tau=1-49,Base,15,1,0,800,,,,,,,,,0.0017157793045043945,0
TDA: MMD Canary RawFeat Euclid tau=1-49,Base,16,1,0,800,,,,,,,,,0.01625239849090576,0
TDA: MMD Canary RawFeat Euclid tau=1-49,Base,17,1,0,800,,,,,,,,,0.00939035415649414,0
TDA: MMD Canary RawFeat Euclid tau=1-49,Base,18,1,0,800,,,,,,,,,0.012616991996765137,0
TDA: MMD Canary RawFeat Euclid tau=1-49,Base,19,1,0,800,,,,,,,,,0.0038503408432006836,0
TDA: MMD Canary RawFeat Euclid tau=1-49,Base,20,1,0,800,,,,,,,,,0.007070779800415039,0
TDA: MMD Canary RawFeat Euclid tau=1-49,Base,21,1,0,800,,,,,,,,,0.00891578197479248,0
TDA: MMD Canary RawFeat Euclid tau=1-49,Base,22,1,0,800,,,,,,,,,0.003845810890197754,0
TDA: MMD Canary RawFeat Euclid tau=1-49,Base,23,1,0,800,,,,,,,,,0.006419062614440918,0
TDA: MMD Canary RawFeat Euclid tau=1-49,Base,24,1,0,800,,,,,,,,,0.01820540428161621,0
TDA: MMD Canary RawFeat Euclid tau=1-49,Base,25,1,0,800,,,,,,,,,0.00392460823059082,0
TDA: MMD Canary RawFeat Euclid tau=1-49,Base,26,1,0,800,,,,,,,,,0.00731658935546875,0
TDA: MMD Canary RawFeat Euclid tau=1-49,Base,27,1,0,800,,,,,,,,,0.007163405418395996,0
TDA: MMD Canary RawFeat Euclid tau=1-49,Base,28,1,0,800,,,,,,,,,0.005034446716308594,0
TDA: MMD Canary RawFeat Euclid tau=1-49,Base,29,1,0,800,,,,,,,,,0.00507509708404541,0
TDA: MMD Canary RawFeat Euclid tau=1-49,Base,30,1,0,800,,,,,,,,,0.007667183876037598,0
TDA: MMD Canary RawFeat Euclid tau=1-49,Base,31,1,0,800,,,,,,,,,0.007280588150024414,0
TDA: MMD Canary RawFeat Euclid tau=1-49,Base,32,1,0,800,,,,,,,,,0.008550882339477539,0
TDA: MMD Canary RawFeat Euclid tau=1-49,Base,33,1,0,800,,,,,,,,,0.007504820823669434,0
TDA: MMD Canary RawFeat Euclid tau=1-49,Base,34,1,0,800,,,,,,,,,0.0038475990295410156,0
TDA: MMD Canary RawFeat Euclid tau=1-49,Base,35,1,0,800,,,,,,,,,0.005958676338195801,0
TDA: MMD Canary RawFeat Euclid tau=1-49,Base,36,1,0,800,,,,,,,,,0.005325675010681152,0
TDA: MMD Canary RawFeat Euclid tau=1-49,Base,37,1,0,800,,,,,,,,,0.005768418312072754,0
TDA: MMD Canary RawFeat Euclid tau=1-49,Base,38,1,0,800,,,,,,,,,0.011191844940185547,0
TDA: MMD Canary RawFeat Euclid tau=1-49,Base,39,1,0,800,,,,,,,,,0.014256477355957031,0
TDA: MMD Canary RawFeat Euclid tau=1-49,Base,40,1,0,800,,,,,,,,,0.01474606990814209,0
TDA: MMD Canary RawFeat Euclid tau=1-49,Base,41,1,0,800,,,,,,,,,0.0014314651489257812,0
TDA: MMD Canary RawFeat Euclid tau=1-49,Base,42,1,0,800,,,,,,,,,0.010517716407775879,0
TDA: MMD Canary RawFeat Euclid tau=1-49,Base,43,1,0,800,,,,,,,,,0.012509703636169434,0
TDA: MMD Canary RawFeat Euclid tau=1-49,Base,44,1,0,800,,,,,,,,,0.006509184837341309,0
TDA: MMD Canary RawFeat Euclid tau=1-49,Base,45,1,0,800,,,,,,,,,0.023537516593933105,0
TDA: MMD Canary RawFeat Euclid tau=1-49,Base,46,1,0,800,,,,,,,,,0.015177249908447266,0
TDA: MMD Canary RawFeat Euclid tau=1-49,Base,47,1,0,800,,,,,,,,,0.0027344226837158203,0
TDA: MMD Canary RawFeat Euclid tau=1-49,Base,48,1,0,800,,,,,,,,,0.007049679756164551,0
TDA: MMD Canary RawFeat Euclid tau=1-49,Base,1,2,0,800,,,,,,,,,0.005351543426513672,0
TDA: MMD Canary RawFeat Euclid tau=1-49,Base,2,2,0,800,,,,,,,,,0.008810877799987793,0
TDA: MMD Canary RawFeat Euclid tau=1-49,Base,3,2,0,800,,,,,,,,,0.02175438404083252,0
TDA: MMD Canary RawFeat Euclid tau=1-49,Base,4,2,0,800,,,,,,,,,0.007507681846618652,0
TDA: MMD Canary RawFeat Euclid tau=1-49,Base,5,2,0,800,,,,,,,,,0.02511465549468994,0
TDA: MMD Canary RawFeat Euclid tau=1-49,Base,6,2,0,800,,,,,,,,,0.02322852611541748,0
TDA: MMD Canary RawFeat Euclid tau=1-49,Base,7,2,0,800,,,,,,,,,0.010747790336608887,0
TDA: MMD Canary RawFeat Euclid tau=1-49,Base,8,2,0,800,,,,,,,,,0.009410738945007324,0
TDA: MMD Canary RawFeat Euclid tau=1-49,Base,9,2,0,800,,,,,,,,,0.007094025611877441,0
TDA: MMD Canary RawFeat Euclid tau=1-49,Base,10,2,0,800,,,,,,,,,0.005669593811035156,0
TDA: MMD Canary RawFeat Euclid tau=1-49,Base,11,2,0,800,,,,,,,,,0.013455867767333984,0
TDA: MMD Canary RawFeat Euclid tau=1-49,Base,12,2,0,800,,,,,,,,,0.01398766040802002,0
TDA: MMD Canary RawFeat Euclid tau=1-49,Base,13,2,0,800,,,,,,,,,0.008339881896972656,0
TDA: MMD Canary RawFeat Euclid tau=1-49,Base,14,2,0,800,,,,,,,,,0.008427619934082031,0
TDA: MMD Canary RawFeat Euclid tau=1-49,Base,15,2,0,800,,,,,,,,,0.0021920204162597656,0
TDA: MMD Canary RawFeat Euclid tau=1-49,Base,16,2,0,800,,,,,,,,,0.014858603477478027,0
TDA: MMD Canary RawFeat Euclid tau=1-49,Base,17,2,0,800,,,,,,,,,0.008941411972045898,0
TDA: MMD Canary RawFeat Euclid tau=1-49,Base,18,2,0,800,,,,,,,,,0.011536598205566406,0
TDA: MMD Canary RawFeat Euclid tau=1-49,Base,19,2,0,800,,,,,,,,,0.004965662956237793,0
TDA: MMD Canary RawFeat Euclid tau=1-49,Base,20,2,0,800,,,,,,,,,0.00786590576171875,0
TDA: MMD Canary RawFeat Euclid tau=1-49,Base,21,2,0,800,,,,,,,,,0.016825556755065918,0
TDA: MMD Canary RawFeat Euclid tau=1-49,Base,22,2,0,800,,,,,,,,,0.004755616188049316,0
TDA: MMD Canary RawFeat Euclid tau=1-49,Base,23,2,0,800,,,,,,,,,0.008307874202728271,0
TDA: MMD Canary RawFeat Euclid tau=1-49,Base,24,2,0,800,,,,,,,,,0.023607850074768066,0
TDA: MMD Canary RawFeat Euclid tau=1-49,Base,25,2,0,800,,,,,,,,,0.003976583480834961,0
TDA: MMD Canary RawFeat Euclid tau=1-49,Base,26,2,0,800,,,,,,,,,0.00726008415222168,0
TDA: MMD Canary RawFeat Euclid tau=1-49,Base,27,2,0,800,,,,,,,,,0.008662819862365723,0
TDA: MMD Canary RawFeat Euclid tau=1-49,Base,28,2,0,800,,,,,,,,,0.0038796663284301758,0
TDA: MMD Canary RawFeat Euclid tau=1-49,Base,29,2,0,800,,,,,,,,,0.004156351089477539,0
TDA: MMD Canary RawFeat Euclid tau=1-49,Base,30,2,0,800,,,,,,,,,0.009036779403686523,0
TDA: MMD Canary RawFeat Euclid tau=1-49,Base,31,2,0,800,,,,,,,,,0.004846453666687012,0
TDA: MMD Canary RawFeat Euclid tau=1-49,Base,32,2,0,800,,,,,,,,,0.01018059253692627,0
TDA: MMD Canary RawFeat Euclid tau=1-49,Base,33,2,0,800,,,,,,,,,0.009359955787658691,0
TDA: MMD Canary RawFeat Euclid tau=1-49,Base,34,2,0,800,,,,,,,,,0.003601670265197754,0
TDA: MMD Canary RawFeat Euclid tau=1-49,Base,35,2,0,800,,,,,,,,,0.006446480751037598,0
TDA: MMD Canary RawFeat Euclid tau=1-49,Base,36,2,0,800,,,,,,,,,0.00604701042175293,0
TDA: MMD Canary RawFeat Euclid tau=1-49,Base,37,2,0,800,,,,,,,,,0.0046846866607666016,0
TDA: MMD Canary RawFeat Euclid tau=1-49,Base,38,2,0,800,,,,,,,,,0.013428568840026855,0
TDA: MMD Canary RawFeat Euclid tau=1-49,Base,39,2,0,800,,,,,,,,,0.013796031475067139,0
TDA: MMD Canary RawFeat Euclid tau=1-49,Base,40,2,0,800,,,,,,,,,0.01692366600036621,0
TDA: MMD Canary RawFeat Euclid tau=1-49,Base,41,2,0,800,,,,,,,,,0.002842545509338379,0
TDA: MMD Canary RawFeat Euclid tau=1-49,Base,42,2,0,800,,,,,,,,,0.010436177253723145,0
TDA: MMD Canary RawFeat Euclid tau=1-49,Base,43,2,0,800,,,,,,,,,0.017859220504760742,0
TDA: MMD Canary RawFeat Euclid tau=1-49,Base,44,2,0,800,,,,,,,,,0.009658098220825195,0
TDA: MMD Canary RawFeat Euclid tau=1-49,Base,45,2,0,800,,,,,,,,,0.024515271186828613,0
TDA: MMD Canary RawFeat Euclid tau=1-49,Base,46,2,0,800,,,,,,,,,0.017791271209716797,0
TDA: MMD Canary RawFeat Euclid tau=1-49,Base,47,2,0,800,,,,,,,,,0.003959059715270996,0
TDA: MMD Canary RawFeat Euclid tau=1-49,Base,48,2,0,800,,,,,,,,,0.009960412979125977,0
TDA: MMD Canary RawFeat Euclid tau=1-49,Base,1,3,0,800,,,,,,,,,0.00556027889251709,0
TDA: MMD Canary RawFeat Euclid tau=1-49,Base,2,3,0,800,,,,,,,,,0.009669899940490723,0
TDA: MMD Canary RawFeat Euclid tau=1-49,Base,3,3,0,800,,,,,,,,,0.018474936485290527,0
TDA: MMD Canary RawFeat Euclid tau=1-49,Base,4,3,0,800,,,,,,,,,0.011159062385559082,0
TDA: MMD Canary RawFeat Euclid tau=1-49,Base,5,3,0,800,,,,,,,,,0.027904868125915527,0
TDA: MMD Canary RawFeat Euclid tau=1-49,Base,6,3,0,800,,,,,,,,,0.025317788124084473,0
TDA: MMD Canary RawFeat Euclid tau=1-49,Base,7,3,0,800,,,,,,,,,0.012376070022583008,0
TDA: MMD Canary RawFeat Euclid tau=1-49,Base,8,3,0,800,,,,,,,,,0.010860919952392578,0
TDA: MMD Canary RawFeat Euclid tau=1-49,Base,9,3,0,800,,,,,,,,,0.007757663726806641,0
TDA: MMD Canary RawFeat Euclid tau=1-49,Base,10,3,0,800,,,,,,,,,0.006712555885314941,0
TDA: MMD Canary RawFeat Euclid tau=1-49,Base,11,3,0,800,,,,,,,,,0.0108642578125,0
TDA: MMD Canary RawFeat Euclid tau=1-49,Base,12,3,0,800,,,,,,,,,0.0153733491897583,0
TDA: MMD Canary RawFeat Euclid tau=1-49,Base,13,3,0,800,,,,,,,,,0.01330101490020752,0
TDA: MMD Canary RawFeat Euclid tau=1-49,Base,14,3,0,800,,,,,,,,,0.008101820945739746,0
TDA: MMD Canary RawFeat Euclid tau=1-49,Base,15,3,0,800,,,,,,,,,0.0009529590606689453,0
TDA: MMD Canary RawFeat Euclid tau=1-49,Base,16,3,0,800,,,,,,,,,0.013894438743591309,0
TDA: MMD Canary RawFeat Euclid tau=1-49,Base,17,3,0,800,,,,,,,,,0.010066390037536621,0
TDA: MMD Canary RawFeat Euclid tau=1-49,Base,18,3,0,800,,,,,,,,,0.015196442604064941,0
TDA: MMD Canary RawFeat Euclid tau=1-49,Base,19,3,0,800,,,,,,,,,0.007234334945678711,0
TDA: MMD Canary RawFeat Euclid tau=1-49,Base,20,3,0,800,,,,,,,,,0.009015083312988281,0
TDA: MMD Canary RawFeat Euclid tau=1-49,Base,21,3,0,800,,,,,,,,,0.017312288284301758,0
TDA: MMD Canary RawFeat Euclid tau=1-49,Base,22,3,0,800,,,,,,,,,0.0036226511001586914,0
TDA: MMD Canary RawFeat Euclid tau=1-49,Base,23,3,0,800,,,,,,,,,0.006750583648681641,0
TDA: MMD Canary RawFeat Euclid tau=1-49,Base,24,3,0,800,,,,,,,,,0.019318103790283203,0
TDA: MMD Canary RawFeat Euclid tau=1-49,Base,25,3,0,800,,,,,,,,,0.004408597946166992,0
TDA: MMD Canary RawFeat Euclid tau=1-49,Base,26,3,0,800,,,,,,,,,0.006373882293701172,0
TDA: MMD Canary RawFeat Euclid tau=1-49,Base,27,3,0,800,,,,,,,,,0.006965160369873047,0
TDA: MMD Canary RawFeat Euclid tau=1-49,Base,28,3,0,800,,,,,,,,,0.00570988655090332,0
TDA: MMD Canary RawFeat Euclid tau=1-49,Base,29,3,0,800,,,,,,,,,0.005469322204589844,0
TDA: MMD Canary RawFeat Euclid tau=1-49,Base,30,3,0,800,,,,,,,,,0.009491682052612305,0
TDA: MMD Canary RawFeat Euclid tau=1-49,Base,31,3,0,800,,,,,,,,,0.004666924476623535,0
TDA: MMD Canary RawFeat Euclid tau=1-49,Base,32,3,0,800,,,,,,,,,0.010549187660217285,0
TDA: MMD Canary RawFeat Euclid tau=1-49,Base,33,3,0,800,,,,,,,,,0.010083198547363281,0
TDA: MMD Canary RawFeat Euclid tau=1-49,Base,34,3,0,800,,,,,,,,,0.005351543426513672,0
TDA: MMD Canary RawFeat Euclid tau=1-49,Base,35,3,0,800,,,,,,,,,0.006623387336730957,0
TDA: MMD Canary RawFeat Euclid tau=1-49,Base,36,3,0,800,,,,,,,,,0.007968425750732422,0
TDA: MMD Canary RawFeat Euclid tau=1-49,Base,37,3,0,800,,,,,,,,,0.007928252220153809,0
TDA: MMD Canary RawFeat Euclid tau=1-49,Base,38,3,0,800,,,,,,,,,0.013681650161743164,0
TDA: MMD Canary RawFeat Euclid tau=1-49,Base,39,3,0,800,,,,,,,,,0.01499319076538086,0
TDA: MMD Canary RawFeat Euclid tau=1-49,Base,40,3,0,800,,,,,,,,,0.018828272819519043,0
TDA: MMD Canary RawFeat Euclid tau=1-49,Base,41,3,0,800,,,,,,,,,0.002520442008972168,0
TDA: MMD Canary RawFeat Euclid tau=1-49,Base,42,3,0,800,,,,,,,,,0.008089542388916016,0
TDA: MMD Canary RawFeat Euclid tau=1-49,Base,43,3,0,800,,,,,,,,,0.01447141170501709,0
TDA: MMD Canary RawFeat Euclid tau=1-49,Base,44,3,0,800,,,,,,,,,0.009788036346435547,0
TDA: MMD Canary RawFeat Euclid tau=1-49,Base,45,3,0,800,,,,,,,,,0.02025216817855835,0
TDA: MMD Canary RawFeat Euclid tau=1-49,Base,46,3,0,800,,,,,,,,,0.014763951301574707,0
TDA: MMD Canary RawFeat Euclid tau=1-49,Base,47,3,0,800,,,,,,,,,0.0038080215454101562,0
TDA: MMD Canary RawFeat Euclid tau=1-49,Base,48,3,0,800,,,,,,,,,0.00921022891998291,0
TDA: MMD Canary RawFeat Euclid tau=1-49,Base,1,4,0,800,,,,,,,,,0.005601644515991211,0
TDA: MMD Canary RawFeat Euclid tau=1-49,Base,2,4,0,800,,,,,,,,,0.007578730583190918,0
TDA: MMD Canary RawFeat Euclid tau=1-49,Base,3,4,0,800,,,,,,,,,0.021663784980773926,0
TDA: MMD Canary RawFeat Euclid tau=1-49,Base,4,4,0,800,,,,,,,,,0.009215116500854492,0
TDA: MMD Canary RawFeat Euclid tau=1-49,Base,5,4,0,800,,,,,,,,,0.022053122520446777,0
TDA: MMD Canary RawFeat Euclid tau=1-49,Base,6,4,0,800,,,,,,,,,0.02453029155731201,0
TDA: MMD Canary RawFeat Euclid tau=1-49,Base,7,4,0,800,,,,,,,,,0.01124274730682373,0
TDA: MMD Canary RawFeat Euclid tau=1-49,Base,8,4,0,800,,,,,,,,,0.01131904125213623,0
TDA: MMD Canary RawFeat Euclid tau=1-49,Base,9,4,0,800,,,,,,,,,0.008452892303466797,0
TDA: MMD Canary RawFeat Euclid tau=1-49,Base,10,4,0,800,,,,,,,,,0.006108403205871582,0
TDA: MMD Canary RawFeat Euclid tau=1-49,Base,11,4,0,800,,,,,,,,,0.012292146682739258,0
TDA: MMD Canary RawFeat Euclid tau=1-49,Base,12,4,0,800,,,,,,,,,0.014426112174987793,0
TDA: MMD Canary RawFeat Euclid tau=1-49,Base,13,4,0,800,,,,,,,,,0.011422157287597656,0
TDA: MMD Canary RawFeat Euclid tau=1-49,Base,14,4,0,800,,,,,,,,,0.00908958911895752,0
TDA: MMD Canary RawFeat Euclid tau=1-49,Base,15,4,0,800,,,,,,,,,0.001126408576965332,0
TDA: MMD Canary RawFeat Euclid tau=1-49,Base,16,4,0,800,,,,,,,,,0.014974594116210938,0
TDA: MMD Canary RawFeat Euclid tau=1-49,Base,17,4,0,800,,,,,,,,,0.009748578071594238,0
TDA: MMD Canary RawFeat Euclid tau=1-49,Base,18,4,0,800,,,,,,,,,0.013631224632263184,0
TDA: MMD Canary RawFeat Euclid tau=1-49,Base,19,4,0,800,,,,,,,,,0.0065735578536987305,0
TDA: MMD Canary RawFeat Euclid tau=1-49,Base,20,4,0,800,,,,,,,,,0.005798935890197754,0
TDA: MMD Canary RawFeat Euclid tau=1-49,Base,21,4,0,800,,,,,,,,,0.008906960487365723,0
TDA: MMD Canary RawFeat Euclid tau=1-49,Base,22,4,0,800,,,,,,,,,0.004590153694152832,0
TDA: MMD Canary RawFeat Euclid tau=1-49,Base,23,4,0,800,,,,,,,,,0.008267760276794434,0
TDA: MMD Canary RawFeat Euclid tau=1-49,Base,24,4,0,800,,,,,,,,,0.020058274269104004,0
TDA: MMD Canary RawFeat Euclid tau=1-49,Base,25,4,0,800,,,,,,,,,0.0037304162979125977,0
TDA: MMD Canary RawFeat Euclid tau=1-49,Base,26,4,0,800,,,,,,,,,0.007199406623840332,0
TDA: MMD Canary RawFeat Euclid tau=1-49,Base,27,4,0,800,,,,,,,,,0.007595181465148926,0
TDA: MMD Canary RawFeat Euclid tau=1-49,Base,28,4,0,800,,,,,,,,,0.0038366317749023438,0
TDA: MMD Canary RawFeat Euclid tau=1-49,Base,29,4,0,800,,,,,,,,,0.005481600761413574,0
TDA: MMD Canary RawFeat Euclid tau=1-49,Base,30,4,0,800,,,,,,,,,0.008784770965576172,0
TDA: MMD Canary RawFeat Euclid tau=1-49,Base,31,4,0,800,,,,,,,,,0.006800651550292969,0
TDA: MMD Canary RawFeat Euclid tau=1-49,Base,32,4,0,800,,,,,,,,,0.007820725440979004,0
TDA: MMD Canary RawFeat Euclid tau=1-49,Base,33,4,0,800,,,,,,,,,0.00904238224029541,0
TDA: MMD Canary RawFeat Euclid tau=1-49,Base,34,4,0,800,,,,,,,,,0.003972291946411133,0
TDA: MMD Canary RawFeat Euclid tau=1-49,Base,35,4,0,800,,,,,,,,,0.00830841064453125,0
TDA: MMD Canary RawFeat Euclid tau=1-49,Base,36,4,0,800,,,,,,,,,0.006348013877868652,0
TDA: MMD Canary RawFeat Euclid tau=1-49,Base,37,4,0,800,,,,,,,,,0.007350444793701172,0
TDA: MMD Canary RawFeat Euclid tau=1-49,Base,38,4,0,800,,,,,,,,,0.011916399002075195,0
TDA: MMD Canary RawFeat Euclid tau=1-49,Base,39,4,0,800,,,,,,,,,0.013419091701507568,0
TDA: MMD Canary RawFeat Euclid tau=1-49,Base,40,4,0,800,,,,,,,,,0.016873478889465332,0
TDA: MMD Canary RawFeat Euclid tau=1-49,Base,41,4,0,800,,,,,,,,,0.0025777816772460938,0
TDA: MMD Canary RawFeat Euclid tau=1-49,Base,42,4,0,800,,,,,,,,,0.007756710052490234,0
TDA: MMD Canary RawFeat Euclid tau=1-49,Base,43,4,0,800,,,,,,,,,0.01160287857055664,0
TDA: MMD Canary RawFeat Euclid tau=1-49,Base,44,4,0,800,,,,,,,,,0.010276198387145996,0
TDA: MMD Canary RawFeat Euclid tau=1-49,Base,45,4,0,800,,,,,,,,,0.02382117509841919,0
TDA: MMD Canary RawFeat Euclid tau=1-49,Base,46,4,0,800,,,,,,,,,0.0142439603805542,0
TDA: MMD Canary RawFeat Euclid tau=1-49,Base,47,4,0,800,,,,,,,,,0.0029436349868774414,0
TDA: MMD Canary RawFeat Euclid tau=1-49,Base,48,4,0,800,,,,,,,,,0.007565498352050781,0
TDA: MMD Canary RawFeat Euclid tau=1-49,Base,1,5,0,800,,,,,,,,,0.0044345855712890625,0
TDA: MMD Canary RawFeat Euclid tau=1-49,Base,2,5,0,800,,,,,,,,,0.008974552154541016,0
TDA: MMD Canary RawFeat Euclid tau=1-49,Base,3,5,0,800,,,,,,,,,0.02050638198852539,0
TDA: MMD Canary RawFeat Euclid tau=1-49,Base,4,5,0,800,,,,,,,,,0.007737159729003906,0
TDA: MMD Canary RawFeat Euclid tau=1-49,Base,5,5,0,800,,,,,,,,,0.025063514709472656,0
TDA: MMD Canary RawFeat Euclid tau=1-49,Base,6,5,0,800,,,,,,,,,0.025954604148864746,0
TDA: MMD Canary RawFeat Euclid tau=1-49,Base,7,5,0,800,,,,,,,,,0.010420680046081543,0
TDA: MMD Canary RawFeat Euclid tau=1-49,Base,8,5,0,800,,,,,,,,,0.010143399238586426,0
TDA: MMD Canary RawFeat Euclid tau=1-49,Base,9,5,0,800,,,,,,,,,0.007578372955322266,0
TDA: MMD Canary RawFeat Euclid tau=1-49,Base,10,5,0,800,,,,,,,,,0.006439924240112305,0
TDA: MMD Canary RawFeat Euclid tau=1-49,Base,11,5,0,800,,,,,,,,,0.008711576461791992,0
TDA: MMD Canary RawFeat Euclid tau=1-49,Base,12,5,0,800,,,,,,,,,0.01179206371307373,0
TDA: MMD Canary RawFeat Euclid tau=1-49,Base,13,5,0,800,,,,,,,,,0.009099006652832031,0
TDA: MMD Canary RawFeat Euclid tau=1-49,Base,14,5,0,800,,,,,,,,,0.0076558589935302734,0
TDA: MMD Canary RawFeat Euclid tau=1-49,Base,15,5,0,800,,,,,,,,,0.00074005126953125,0
TDA: MMD Canary RawFeat Euclid tau=1-49,Base,16,5,0,800,,,,,,,,,0.017197012901306152,0
TDA: MMD Canary RawFeat Euclid tau=1-49,Base,17,5,0,800,,,,,,,,,0.010647058486938477,0
TDA: MMD Canary RawFeat Euclid tau=1-49,Base,18,5,0,800,,,,,,,,,0.012233734130859375,0
TDA: MMD Canary RawFeat Euclid tau=1-49,Base,19,5,0,800,,,,,,,,,0.007617950439453125,0
TDA: MMD Canary RawFeat Euclid tau=1-49,Base,20,5,0,800,,,,,,,,,0.0062181949615478516,0
TDA: MMD Canary RawFeat Euclid tau=1-49,Base,21,5,0,800,,,,,,,,,0.016652941703796387,0
TDA: MMD Canary RawFeat Euclid tau=1-49,Base,22,5,0,800,,,,,,,,,0.005745410919189453,0
TDA: MMD Canary RawFeat Euclid tau=1-49,Base,23,5,0,800,,,,,,,,,0.009943962097167969,0
TDA: MMD Canary RawFeat Euclid tau=1-49,Base,24,5,0,800,,,,,,,,,0.01969587802886963,0
TDA: MMD Canary RawFeat Euclid tau=1-49,Base,25,5,0,800,,,,,,,,,0.004285216331481934,0
TDA: MMD Canary RawFeat Euclid tau=1-49,Base,26,5,0,800,,,,,,,,,0.0073310136795043945,0
TDA: MMD Canary RawFeat Euclid tau=1-49,Base,27,5,0,800,,,,,,,,,0.006804823875427246,0
TDA: MMD Canary RawFeat Euclid tau=1-49,Base,28,5,0,800,,,,,,,,,0.005018115043640137,0
TDA: MMD Canary RawFeat Euclid tau=1-49,Base,29,5,0,800,,,,,,,,,0.006299257278442383,0
TDA: MMD Canary RawFeat Euclid tau=1-49,Base,30,5,0,800,,,,,,,,,0.008975625038146973,0
TDA: MMD Canary RawFeat Euclid tau=1-49,Base,31,5,0,800,,,,,,,,,0.0044220685958862305,0
TDA: MMD Canary RawFeat Euclid tau=1-49,Base,32,5,0,800,,,,,,,,,0.009229779243469238,0
TDA: MMD Canary RawFeat Euclid tau=1-49,Base,33,5,0,800,,,,,,,,,0.008852362632751465,0
TDA: MMD Canary RawFeat Euclid tau=1-49,Base,34,5,0,800,,,,,,,,,0.0056798458099365234,0
TDA: MMD Canary RawFeat Euclid tau=1-49,Base,35,5,0,800,,,,,,,,,0.006807684898376465,0
TDA: MMD Canary RawFeat Euclid tau=1-49,Base,36,5,0,800,,,,,,,,,0.006816983222961426,0
TDA: MMD Canary RawFeat Euclid tau=1-49,Base,37,5,0,800,,,,,,,,,0.007104277610778809,0
TDA: MMD Canary RawFeat Euclid tau=1-49,Base,38,5,0,800,,,,,,,,,0.014360666275024414,0
TDA: MMD Canary RawFeat Euclid tau=1-49,Base,39,5,0,800,,,,,,,,,0.016813695430755615,0
TDA: MMD Canary RawFeat Euclid tau=1-49,Base,40,5,0,800,,,,,,,,,0.015316367149353027,0
TDA: MMD Canary RawFeat Euclid tau=1-49,Base,41,5,0,800,,,,,,,,,0.0017333030700683594,0
TDA: MMD Canary RawFeat Euclid tau=1-49,Base,42,5,0,800,,,,,,,,,0.00786280632019043,0
TDA: MMD Canary RawFeat Euclid tau=1-49,Base,43,5,0,800,,,,,,,,,0.010875105857849121,0
TDA: MMD Canary RawFeat Euclid tau=1-49,Base,44,5,0,800,,,,,,,,,0.012082576751708984,0
TDA: MMD Canary RawFeat Euclid tau=1-49,Base,45,5,0,800,,,,,,,,,0.022331953048706055,0
TDA: MMD Canary RawFeat Euclid tau=1-49,Base,46,5,0,800,,,,,,,,,0.012814760208129883,0
TDA: MMD Canary RawFeat Euclid tau=1-49,Base,47,5,0,800,,,,,,,,,0.003219008445739746,0
TDA: MMD Canary RawFeat Euclid tau=1-49,Base,48,5,0,800,,,,,,,,,0.010751008987426758,0
TDA: MMD Canary RawFeat Euclid tau=1-49,Base,1,6,0,800,,,,,,,,,0.004805207252502441,0
TDA: MMD Canary RawFeat Euclid tau=1-49,Base,2,6,0,800,,,,,,,,,0.008765935897827148,0
TDA: MMD Canary RawFeat Euclid tau=1-49,Base,3,6,0,800,,,,,,,,,0.023767948150634766,0
TDA: MMD Canary RawFeat Euclid tau=1-49,Base,4,6,0,800,,,,,,,,,0.013424873352050781,0
TDA: MMD Canary RawFeat Euclid tau=1-49,Base,5,6,0,800,,,,,,,,,0.022056221961975098,0
TDA: MMD Canary RawFeat Euclid tau=1-49,Base,6,6,0,800,,,,,,,,,0.019496679306030273,0
TDA: MMD Canary RawFeat Euclid tau=1-49,Base,7,6,0,800,,,,,,,,,0.01096498966217041,0
TDA: MMD Canary RawFeat Euclid tau=1-49,Base,8,6,0,800,,,,,,,,,0.010218620300292969,0
TDA: MMD Canary RawFeat Euclid tau=1-49,Base,9,6,0,800,,,,,,,,,0.008744478225708008,0
TDA: MMD Canary RawFeat Euclid tau=1-49,Base,10,6,0,800,,,,,,,,,0.008220076560974121,0
TDA: MMD Canary RawFeat Euclid tau=1-49,Base,11,6,0,800,,,,,,,,,0.013779163360595703,0
TDA: MMD Canary RawFeat Euclid tau=1-49,Base,12,6,0,800,,,,,,,,,0.01251840591430664,0
TDA: MMD Canary RawFeat Euclid tau=1-49,Base,13,6,0,800,,,,,,,,,0.007784605026245117,0
TDA: MMD Canary RawFeat Euclid tau=1-49,Base,14,6,0,800,,,,,,,,,0.0058557987213134766,0
TDA: MMD Canary RawFeat Euclid tau=1-49,Base,15,6,0,800,,,,,,,,,0.0018285512924194336,0
TDA: MMD Canary RawFeat Euclid tau=1-49,Base,16,6,0,800,,,,,,,,,0.017912864685058594,0
TDA: MMD Canary RawFeat Euclid tau=1-49,Base,17,6,0,800,,,,,,,,,0.007933974266052246,0
TDA: MMD Canary RawFeat Euclid tau=1-49,Base,18,6,0,800,,,,,,,,,0.011005520820617676,0
TDA: MMD Canary RawFeat Euclid tau=1-49,Base,19,6,0,800,,,,,,,,,0.0036858320236206055,0
TDA: MMD Canary RawFeat Euclid tau=1-49,Base,20,6,0,800,,,,,,,,,0.0070182085037231445,0
TDA: MMD Canary RawFeat Euclid tau=1-49,Base,21,6,0,800,,,,,,,,,0.007049560546875,0
TDA: MMD Canary RawFeat Euclid tau=1-49,Base,22,6,0,800,,,,,,,,,0.004773616790771484,0
TDA: MMD Canary RawFeat Euclid tau=1-49,Base,23,6,0,800,,,,,,,,,0.009920954704284668,0
TDA: MMD Canary RawFeat Euclid tau=1-49,Base,24,6,0,800,,,,,,,,,0.020521879196166992,0
TDA: MMD Canary RawFeat Euclid tau=1-49,Base,25,6,0,800,,,,,,,,,0.002736687660217285,0
TDA: MMD Canary RawFeat Euclid tau=1-49,Base,26,6,0,800,,,,,,,,,0.007547140121459961,0
TDA: MMD Canary RawFeat Euclid tau=1-49,Base,27,6,0,800,,,,,,,,,0.0078657865524292,0
TDA: MMD Canary RawFeat Euclid tau=1-49,Base,28,6,0,800,,,,,,,,,0.005106329917907715,0
TDA: MMD Canary RawFeat Euclid tau=1-49,Base,29,6,0,800,,,,,,,,,0.007104158401489258,0
TDA: MMD Canary RawFeat Euclid tau=1-49,Base,30,6,0,800,,,,,,,,,0.00784313678741455,0
TDA: MMD Canary RawFeat Euclid tau=1-49,Base,31,6,0,800,,,,,,,,,0.006217479705810547,0
TDA: MMD Canary RawFeat Euclid tau=1-49,Base,32,6,0,800,,,,,,,,,0.008459925651550293,0
TDA: MMD Canary RawFeat Euclid tau=1-49,Base,33,6,0,800,,,,,,,,,0.01008760929107666,0
TDA: MMD Canary RawFeat Euclid tau=1-49,Base,34,6,0,800,,,,,,,,,0.004758596420288086,0
TDA: MMD Canary RawFeat Euclid tau=1-49,Base,35,6,0,800,,,,,,,,,0.0053558349609375,0
TDA: MMD Canary RawFeat Euclid tau=1-49,Base,36,6,0,800,,,,,,,,,0.00636446475982666,0
TDA: MMD Canary RawFeat Euclid tau=1-49,Base,37,6,0,800,,,,,,,,,0.005804657936096191,0
TDA: MMD Canary RawFeat Euclid tau=1-49,Base,38,6,0,800,,,,,,,,,0.016764163970947266,0
TDA: MMD Canary RawFeat Euclid tau=1-49,Base,39,6,0,800,,,,,,,,,0.019157230854034424,0
TDA: MMD Canary RawFeat Euclid tau=1-49,Base,40,6,0,800,,,,,,,,,0.02309393882751465,0
TDA: MMD Canary RawFeat Euclid tau=1-49,Base,41,6,0,800,,,,,,,,,0.0017490386962890625,0
TDA: MMD Canary RawFeat Euclid tau=1-49,Base,42,6,0,800,,,,,,,,,0.009981155395507812,0
TDA: MMD Canary RawFeat Euclid tau=1-49,Base,43,6,0,800,,,,,,,,,0.015152215957641602,0
TDA: MMD Canary RawFeat Euclid tau=1-49,Base,44,6,0,800,,,,,,,,,0.009618639945983887,0
TDA: MMD Canary RawFeat Euclid tau=1-49,Base,45,6,0,800,,,,,,,,,0.022870659828186035,0
TDA: MMD Canary RawFeat Euclid tau=1-49,Base,46,6,0,800,,,,,,,,,0.014154314994812012,0
TDA: MMD Canary RawFeat Euclid tau=1-49,Base,47,6,0,800,,,,,,,,,0.002937912940979004,0
TDA: MMD Canary RawFeat Euclid tau=1-49,Base,48,6,0,800,,,,,,,,,0.008828163146972656,0
TDA: MMD Canary RawFeat Euclid tau=1-49,Base,1,7,0,800,,,,,,,,,0.006246089935302734,0
TDA: MMD Canary RawFeat Euclid tau=1-49,Base,2,7,0,800,,,,,,,,,0.00897514820098877,0
TDA: MMD Canary RawFeat Euclid tau=1-49,Base,3,7,0,800,,,,,,,,,0.021722912788391113,0
TDA: MMD Canary RawFeat Euclid tau=1-49,Base,4,7,0,800,,,,,,,,,0.010226845741271973,0
TDA: MMD Canary RawFeat Euclid tau=1-49,Base,5,7,0,800,,,,,,,,,0.027262449264526367,0
TDA: MMD Canary RawFeat Euclid tau=1-49,Base,6,7,0,800,,,,,,,,,0.028003931045532227,0
TDA: MMD Canary RawFeat Euclid tau=1-49,Base,7,7,0,800,,,,,,,,,0.008706808090209961,0
TDA: MMD Canary RawFeat Euclid tau=1-49,Base,8,7,0,800,,,,,,,,,0.007514595985412598,0
TDA: MMD Canary RawFeat Euclid tau=1-49,Base,9,7,0,800,,,,,,,,,0.006681919097900391,0
TDA: MMD Canary RawFeat Euclid tau=1-49,Base,10,7,0,800,,,,,,,,,0.005966544151306152,0
TDA: MMD Canary RawFeat Euclid tau=1-49,Base,11,7,0,800,,,,,,,,,0.009771466255187988,0
TDA: MMD Canary RawFeat Euclid tau=1-49,Base,12,7,0,800,,,,,,,,,0.014035463333129883,0
TDA: MMD Canary RawFeat Euclid tau=1-49,Base,13,7,0,800,,,,,,,,,0.00750124454498291,0
TDA: MMD Canary RawFeat Euclid tau=1-49,Base,14,7,0,800,,,,,,,,,0.006864428520202637,0
TDA: MMD Canary RawFeat Euclid tau=1-49,Base,15,7,0,800,,,,,,,,,0.0016965866088867188,0
TDA: MMD Canary RawFeat Euclid tau=1-49,Base,16,7,0,800,,,,,,,,,0.015830159187316895,0
TDA: MMD Canary RawFeat Euclid tau=1-49,Base,17,7,0,800,,,,,,,,,0.011718153953552246,0
TDA: MMD Canary RawFeat Euclid tau=1-49,Base,18,7,0,800,,,,,,,,,0.014563322067260742,0
TDA: MMD Canary RawFeat Euclid tau=1-49,Base,19,7,0,800,,,,,,,,,0.007259249687194824,0
TDA: MMD Canary RawFeat Euclid tau=1-49,Base,20,7,0,800,,,,,,,,,0.0062639713287353516,0
TDA: MMD Canary RawFeat Euclid tau=1-49,Base,21,7,0,800,,,,,,,,,0.012683272361755371,0
TDA: MMD Canary RawFeat Euclid tau=1-49,Base,22,7,0,800,,,,,,,,,0.005671143531799316,0
TDA: MMD Canary RawFeat Euclid tau=1-49,Base,23,7,0,800,,,,,,,,,0.007889986038208008,0
TDA: MMD Canary RawFeat Euclid tau=1-49,Base,24,7,0,800,,,,,,,,,0.017084956169128418,0
TDA: MMD Canary RawFeat Euclid tau=1-49,Base,25,7,0,800,,,,,,,,,0.0028259754180908203,0
TDA: MMD Canary RawFeat Euclid tau=1-49,Base,26,7,0,800,,,,,,,,,0.006703853607177734,0
TDA: MMD Canary RawFeat Euclid tau=1-49,Base,27,7,0,800,,,,,,,,,0.006880402565002441,0
TDA: MMD Canary RawFeat Euclid tau=1-49,Base,28,7,0,800,,,,,,,,,0.005554556846618652,0
TDA: MMD Canary RawFeat Euclid tau=1-49,Base,29,7,0,800,,,,,,,,,0.006240248680114746,0
TDA: MMD Canary RawFeat Euclid tau=1-49,Base,30,7,0,800,,,,,,,,,0.007602095603942871,0
TDA: MMD Canary RawFeat Euclid tau=1-49,Base,31,7,0,800,,,,,,,,,0.007028102874755859,0
TDA: MMD Canary RawFeat Euclid tau=1-49,Base,32,7,0,800,,,,,,,,,0.011061549186706543,0
TDA: MMD Canary RawFeat Euclid tau=1-49,Base,33,7,0,800,,,,,,,,,0.00994253158569336,0
TDA: MMD Canary RawFeat Euclid tau=1-49,Base,34,7,0,800,,,,,,,,,0.004829883575439453,0
TDA: MMD Canary RawFeat Euclid tau=1-49,Base,35,7,0,800,,,,,,,,,0.0061827898025512695,0
TDA: MMD Canary RawFeat Euclid tau=1-49,Base,36,7,0,800,,,,,,,,,0.0077828168869018555,0
TDA: MMD Canary RawFeat Euclid tau=1-49,Base,37,7,0,800,,,,,,,,,0.006699323654174805,0
TDA: MMD Canary RawFeat Euclid tau=1-49,Base,38,7,0,800,,,,,,,,,0.014530420303344727,0
TDA: MMD Canary RawFeat Euclid tau=1-49,Base,39,7,0,800,,,,,,,,,0.015592396259307861,0
TDA: MMD Canary RawFeat Euclid tau=1-49,Base,40,7,0,800,,,,,,,,,0.017745375633239746,0
TDA: MMD Canary RawFeat Euclid tau=1-49,Base,41,7,0,800,,,,,,,,,0.0019178390502929688,0
TDA: MMD Canary RawFeat Euclid tau=1-49,Base,42,7,0,800,,,,,,,,,0.008318066596984863,0
TDA: MMD Canary RawFeat Euclid tau=1-49,Base,43,7,0,800,,,,,,,,,0.01504659652709961,0
TDA: MMD Canary RawFeat Euclid tau=1-49,Base,44,7,0,800,,,,,,,,,0.010144352912902832,0
TDA: MMD Canary RawFeat Euclid tau=1-49,Base,45,7,0,800,,,,,,,,,0.02692699432373047,0
TDA: MMD Canary RawFeat Euclid tau=1-49,Base,46,7,0,800,,,,,,,,,0.019118189811706543,0
TDA: MMD Canary RawFeat Euclid tau=1-49,Base,47,7,0,800,,,,,,,,,0.0028952360153198242,0
TDA: MMD Canary RawFeat Euclid tau=1-49,Base,48,7,0,800,,,,,,,,,0.007807612419128418,0
TDA: MMD Canary RawFeat Euclid tau=1-49,Base,1,8,0,800,,,,,,,,,0.004770755767822266,0
TDA: MMD Canary RawFeat Euclid tau=1-49,Base,2,8,0,800,,,,,,,,,0.00885772705078125,0
TDA: MMD Canary RawFeat Euclid tau=1-49,Base,3,8,0,800,,,,,,,,,0.018837451934814453,0
TDA: MMD Canary RawFeat Euclid tau=1-49,Base,4,8,0,800,,,,,,,,,0.010389328002929688,0
TDA: MMD Canary RawFeat Euclid tau=1-49,Base,5,8,0,800,,,,,,,,,0.028518199920654297,0
TDA: MMD Canary RawFeat Euclid tau=1-49,Base,6,8,0,800,,,,,,,,,0.025081992149353027,0
TDA: MMD Canary RawFeat Euclid tau=1-49,Base,7,8,0,800,,,,,,,,,0.009223580360412598,0
TDA: MMD Canary RawFeat Euclid tau=1-49,Base,8,8,0,800,,,,,,,,,0.008892178535461426,0
TDA: MMD Canary RawFeat Euclid tau=1-49,Base,9,8,0,800,,,,,,,,,0.007344961166381836,0
TDA: MMD Canary RawFeat Euclid tau=1-49,Base,10,8,0,800,,,,,,,,,0.006607532501220703,0
TDA: MMD Canary RawFeat Euclid tau=1-49,Base,11,8,0,800,,,,,,,,,0.008512616157531738,0
TDA: MMD Canary RawFeat Euclid tau=1-49,Base,12,8,0,800,,,,,,,,,0.011193394660949707,0
TDA: MMD Canary RawFeat Euclid tau=1-49,Base,13,8,0,800,,,,,,,,,0.011481285095214844,0
TDA: MMD Canary RawFeat Euclid tau=1-49,Base,14,8,0,800,,,,,,,,,0.008578896522521973,0
TDA: MMD Canary RawFeat Euclid tau=1-49,Base,15,8,0,800,,,,,,,,,0.0008503198623657227,0
TDA: MMD Canary RawFeat Euclid tau=1-49,Base,16,8,0,800,,,,,,,,,0.013344407081604004,0
TDA: MMD Canary RawFeat Euclid tau=1-49,Base,17,8,0,800,,,,,,,,,0.009042859077453613,0
TDA: MMD Canary RawFeat Euclid tau=1-49,Base,18,8,0,800,,,,,,,,,0.014218449592590332,0
TDA: MMD Canary RawFeat Euclid tau=1-49,Base,19,8,0,800,,,,,,,,,0.007325291633605957,0
TDA: MMD Canary RawFeat Euclid tau=1-49,Base,20,8,0,800,,,,,,,,,0.005388617515563965,0
TDA: MMD Canary RawFeat Euclid tau=1-49,Base,21,8,0,800,,,,,,,,,0.013418793678283691,0
TDA: MMD Canary RawFeat Euclid tau=1-49,Base,22,8,0,800,,,,,,,,,0.005144715309143066,0
TDA: MMD Canary RawFeat Euclid tau=1-49,Base,23,8,0,800,,,,,,,,,0.006815433502197266,0
TDA: MMD Canary RawFeat Euclid tau=1-49,Base,24,8,0,800,,,,,,,,,0.019325733184814453,0
TDA: MMD Canary RawFeat Euclid tau=1-49,Base,25,8,0,800,,,,,,,,,0.003972291946411133,0
TDA: MMD Canary RawFeat Euclid tau=1-49,Base,26,8,0,800,,,,,,,,,0.0070078372955322266,0
TDA: MMD Canary RawFeat Euclid tau=1-49,Base,27,8,0,800,,,,,,,,,0.007408499717712402,0
TDA: MMD Canary RawFeat Euclid tau=1-49,Base,28,8,0,800,,,,,,,,,0.004549145698547363,0
TDA: MMD Canary RawFeat Euclid tau=1-49,Base,29,8,0,800,,,,,,,,,0.004384040832519531,0
TDA: MMD Canary RawFeat Euclid tau=1-49,Base,30,8,0,800,,,,,,,,,0.008995771408081055,0
TDA: MMD Canary RawFeat Euclid tau=1-49,Base,31,8,0,800,,,,,,,,,0.004998683929443359,0
TDA: MMD Canary RawFeat Euclid tau=1-49,Base,32,8,0,800,,,,,,,,,0.008399248123168945,0
TDA: MMD Canary RawFeat Euclid tau=1-49,Base,33,8,0,800,,,,,,,,,0.008356213569641113,0
TDA: MMD Canary RawFeat Euclid tau=1-49,Base,34,8,0,800,,,,,,,,,0.004625082015991211,0
TDA: MMD Canary RawFeat Euclid tau=1-49,Base,35,8,0,800,,,,,,,,,0.006243467330932617,0
TDA: MMD Canary RawFeat Euclid tau=1-49,Base,36,8,0,800,,,,,,,,,0.005464076995849609,0
TDA: MMD Canary RawFeat Euclid tau=1-49,Base,37,8,0,800,,,,,,,,,0.0074350833892822266,0
TDA: MMD Canary RawFeat Euclid tau=1-49,Base,38,8,0,800,,,,,,,,,0.01495051383972168,0
TDA: MMD Canary RawFeat Euclid tau=1-49,Base,39,8,0,800,,,,,,,,,0.015596151351928711,0
TDA: MMD Canary RawFeat Euclid tau=1-49,Base,40,8,0,800,,,,,,,,,0.020183086395263672,0
TDA: MMD Canary RawFeat Euclid tau=1-49,Base,41,8,0,800,,,,,,,,,0.0029366016387939453,0
TDA: MMD Canary RawFeat Euclid tau=1-49,Base,42,8,0,800,,,,,,,,,0.008122444152832031,0
TDA: MMD Canary RawFeat Euclid tau=1-49,Base,43,8,0,800,,,,,,,,,0.014154434204101562,0
TDA: MMD Canary RawFeat Euclid tau=1-49,Base,44,8,0,800,,,,,,,,,0.011492252349853516,0
TDA: MMD Canary RawFeat Euclid tau=1-49,Base,45,8,0,800,,,,,,,,,0.02240431308746338,0
TDA: MMD Canary RawFeat Euclid tau=1-49,Base,46,8,0,800,,,,,,,,,0.013270139694213867,0
TDA: MMD Canary RawFeat Euclid tau=1-49,Base,47,8,0,800,,,,,,,,,0.0030694007873535156,0
TDA: MMD Canary RawFeat Euclid tau=1-49,Base,48,8,0,800,,,,,,,,,0.007131457328796387,0
TDA: MMD Canary RawFeat Euclid tau=1-49,Base,1,9,0,800,,,,,,,,,0.004557013511657715,0
TDA: MMD Canary RawFeat Euclid tau=1-49,Base,2,9,0,800,,,,,,,,,0.009997010231018066,0
TDA: MMD Canary RawFeat Euclid tau=1-49,Base,3,9,0,800,,,,,,,,,0.022017836570739746,0
TDA: MMD Canary RawFeat Euclid tau=1-49,Base,4,9,0,800,,,,,,,,,0.011081695556640625,0
TDA: MMD Canary RawFeat Euclid tau=1-49,Base,5,9,0,800,,,,,,,,,0.022947192192077637,0
TDA: MMD Canary RawFeat Euclid tau=1-49,Base,6,9,0,800,,,,,,,,,0.02359294891357422,0
TDA: MMD Canary RawFeat Euclid tau=1-49,Base,7,9,0,800,,,,,,,,,0.009677648544311523,0
TDA: MMD Canary RawFeat Euclid tau=1-49,Base,8,9,0,800,,,,,,,,,0.008694291114807129,0
TDA: MMD Canary RawFeat Euclid tau=1-49,Base,9,9,0,800,,,,,,,,,0.009685516357421875,0
TDA: MMD Canary RawFeat Euclid tau=1-49,Base,10,9,0,800,,,,,,,,,0.007615208625793457,0
TDA: MMD Canary RawFeat Euclid tau=1-49,Base,11,9,0,800,,,,,,,,,0.008792757987976074,0
TDA: MMD Canary RawFeat Euclid tau=1-49,Base,12,9,0,800,,,,,,,,,0.013267755508422852,0
TDA: MMD Canary RawFeat Euclid tau=1-49,Base,13,9,0,800,,,,,,,,,0.010585784912109375,0
TDA: MMD Canary RawFeat Euclid tau=1-49,Base,14,9,0,800,,,,,,,,,0.00939953327178955,0
TDA: MMD Canary RawFeat Euclid tau=1-49,Base,15,9,0,800,,,,,,,,,0.0013517141342163086,0
TDA: MMD Canary RawFeat Euclid tau=1-49,Base,16,9,0,800,,,,,,,,,0.014810562133789062,0
TDA: MMD Canary RawFeat Euclid tau=1-49,Base,17,9,0,800,,,,,,,,,0.009876728057861328,0
TDA: MMD Canary RawFeat Euclid tau=1-49,Base,18,9,0,800,,,,,,,,,0.012963533401489258,0
TDA: MMD Canary RawFeat Euclid tau=1-49,Base,19,9,0,800,,,,,,,,,0.006197690963745117,0
TDA: MMD Canary RawFeat Euclid tau=1-49,Base,20,9,0,800,,,,,,,,,0.006090879440307617,0
TDA: MMD Canary RawFeat Euclid tau=1-49,Base,21,9,0,800,,,,,,,,,0.01358795166015625,0
TDA: MMD Canary RawFeat Euclid tau=1-49,Base,22,9,0,800,,,,,,,,,0.003699779510498047,0
TDA: MMD Canary RawFeat Euclid tau=1-49,Base,23,9,0,800,,,,,,,,,0.007331371307373047,0
TDA: MMD Canary RawFeat Euclid tau=1-49,Base,24,9,0,800,,,,,,,,,0.018650412559509277,0
TDA: MMD Canary RawFeat Euclid tau=1-49,Base,25,9,0,800,,,,,,,,,0.0032646656036376953,0
TDA: MMD Canary RawFeat Euclid tau=1-49,Base,26,9,0,800,,,,,,,,,0.008972644805908203,0
TDA: MMD Canary RawFeat Euclid tau=1-49,Base,27,9,0,800,,,,,,,,,0.007568836212158203,0
TDA: MMD Canary RawFeat Euclid tau=1-49,Base,28,9,0,800,,,,,,,,,0.006840825080871582,0
TDA: MMD Canary RawFeat Euclid tau=1-49,Base,29,9,0,800,,,,,,,,,0.007296562194824219,0
TDA: MMD Canary RawFeat Euclid tau=1-49,Base,30,9,0,800,,,,,,,,,0.00965726375579834,0
TDA: MMD Canary RawFeat Euclid tau=1-49,Base,31,9,0,800,,,,,,,,,0.004527568817138672,0
TDA: MMD Canary RawFeat Euclid tau=1-49,Base,32,9,0,800,,,,,,,,,0.0100477933883667,0
TDA: MMD Canary RawFeat Euclid tau=1-49,Base,33,9,0,800,,,,,,,,,0.0090562105178833,0
TDA: MMD Canary RawFeat Euclid tau=1-49,Base,34,9,0,800,,,,,,,,,0.005592823028564453,0
TDA: MMD Canary RawFeat Euclid tau=1-49,Base,35,9,0,800,,,,,,,,,0.00689244270324707,0
TDA: MMD Canary RawFeat Euclid tau=1-49,Base,36,9,0,800,,,,,,,,,0.007150888442993164,0
TDA: MMD Canary RawFeat Euclid tau=1-49,Base,37,9,0,800,,,,,,,,,0.007920980453491211,0
TDA: MMD Canary RawFeat Euclid tau=1-49,Base,38,9,0,800,,,,,,,,,0.016294240951538086,0
TDA: MMD Canary RawFeat Euclid tau=1-49,Base,39,9,0,800,,,,,,,,,0.014756381511688232,0
TDA: MMD Canary RawFeat Euclid tau=1-49,Base,40,9,0,800,,,,,,,,,0.01620328426361084,0
TDA: MMD Canary RawFeat Euclid tau=1-49,Base,41,9,0,800,,,,,,,,,0.002966642379760742,0
TDA: MMD Canary RawFeat Euclid tau=1-49,Base,42,9,0,800,,,,,,,,,0.00840151309967041,0
TDA: MMD Canary RawFeat Euclid tau=1-49,Base,43,9,0,800,,,,,,,,,0.012706875801086426,0
TDA: MMD Canary RawFeat Euclid tau=1-49,Base,44,9,0,800,,,,,,,,,0.007786989212036133,0
TDA: MMD Canary RawFeat Euclid tau=1-49,Base,45,9,0,800,,,,,,,,,0.021919965744018555,0
TDA: MMD Canary RawFeat Euclid tau=1-49,Base,46,9,0,800,,,,,,,,,0.012906551361083984,0
TDA: MMD Canary RawFeat Euclid tau=1-49,Base,47,9,0,800,,,,,,,,,0.0029708147048950195,0
TDA: MMD Canary RawFeat Euclid tau=1-49,Base,48,9,0,800,,,,,,,,,0.007422685623168945,0
TDA: MMD Canary RawFeat Euclid tau=1-49,ClassCond_Illicit,7,0,0,24,,,,,,,,,0.009497642517089844,0
TDA: MMD Canary RawFeat Euclid tau=1-49,ClassCond_Illicit,8,0,0,24,,,,,,,,,0.024290919303894043,0
TDA: MMD Canary RawFeat Euclid tau=1-49,ClassCond_Illicit,13,0,0,24,,,,,,,,,-0.0001251697540283203,0
TDA: MMD Canary RawFeat Euclid tau=1-49,ClassCond_Illicit,14,0,0,24,,,,,,,,,0.0027426481246948242,0
TDA: MMD Canary RawFeat Euclid tau=1-49,ClassCond_Illicit,15,0,0,24,,,,,,,,,0.0011054277420043945,0
TDA: MMD Canary RawFeat Euclid tau=1-49,ClassCond_Illicit,16,0,0,24,,,,,,,,,0.035624027252197266,0
TDA: MMD Canary RawFeat Euclid tau=1-49,ClassCond_Illicit,17,0,0,24,,,,,,,,,0.010992288589477539,0
TDA: MMD Canary RawFeat Euclid tau=1-49,ClassCond_Illicit,18,0,0,24,,,,,,,,,0.0023044347763061523,0
TDA: MMD Canary RawFeat Euclid tau=1-49,ClassCond_Illicit,19,0,0,24,,,,,,,,,-0.0006513595581054688,0
TDA: MMD Canary RawFeat Euclid tau=1-49,ClassCond_Illicit,20,0,0,24,,,,,,,,,-0.0030525922775268555,0
TDA: MMD Canary RawFeat Euclid tau=1-49,ClassCond_Illicit,21,0,0,24,,,,,,,,,0.002118825912475586,0
TDA: MMD Canary RawFeat Euclid tau=1-49,ClassCond_Illicit,22,0,0,24,,,,,,,,,0.030872106552124023,0
TDA: MMD Canary RawFeat Euclid tau=1-49,ClassCond_Illicit,23,0,0,24,,,,,,,,,0.04959273338317871,0
TDA: MMD Canary RawFeat Euclid tau=1-49,ClassCond_Illicit,24,0,0,24,,,,,,,,,0.12737905979156494,0
TDA: MMD Canary RawFeat Euclid tau=1-49,ClassCond_Illicit,25,0,0,24,,,,,,,,,0.007207632064819336,0
TDA: MMD Canary RawFeat Euclid tau=1-49,ClassCond_Illicit,26,0,0,24,,,,,,,,,0.022063732147216797,0
TDA: MMD Canary RawFeat Euclid tau=1-49,ClassCond_Illicit,27,0,0,24,,,,,,,,,0.018376708030700684,0
TDA: MMD Canary RawFeat Euclid tau=1-49,ClassCond_Illicit,28,0,0,24,,,,,,,,,0.1915583610534668,0
TDA: MMD Canary RawFeat Euclid tau=1-49,ClassCond_Illicit,29,0,0,24,,,,,,,,,0.17763829231262207,0
TDA: MMD Canary RawFeat Euclid tau=1-49,ClassCond_Illicit,30,0,0,24,,,,,,,,,0.05794656276702881,0
TDA: MMD Canary RawFeat Euclid tau=1-49,ClassCond_Illicit,31,0,0,24,,,,,,,,,0.02263164520263672,0
TDA: MMD Canary RawFeat Euclid tau=1-49,ClassCond_Illicit,34,0,0,24,,,,,,,,,0.02100074291229248,0
TDA: MMD Canary RawFeat Euclid tau=1-49,ClassCond_Illicit,35,0,0,24,,,,,,,,,0.006638169288635254,0
TDA: MMD Canary RawFeat Euclid tau=1-49,ClassCond_Illicit,36,0,0,24,,,,,,,,,0.01264047622680664,0
TDA: MMD Canary RawFeat Euclid tau=1-49,ClassCond_Illicit,37,0,0,24,,,,,,,,,0.006030678749084473,0
TDA: MMD Canary RawFeat Euclid tau=1-49,ClassCond_Illicit,38,0,0,24,,,,,,,,,-0.004623293876647949,0
TDA: MMD Canary RawFeat Euclid tau=1-49,ClassCond_Illicit,39,0,0,24,,,,,,,,,0.01614201068878174,0
TDA: MMD Canary RawFeat Euclid tau=1-49,ClassCond_Illicit,40,0,0,24,,,,,,,,,0.01020205020904541,0
TDA: MMD Canary RawFeat Euclid tau=1-49,ClassCond_Illicit,41,0,0,24,,,,,,,,,0.008707284927368164,0
TDA: MMD Canary RawFeat Euclid tau=1-49,ClassCond_Illicit,42,0,0,24,,,,,,,,,0.10909807682037354,0
TDA: MMD Canary RawFeat Euclid tau=1-49,ClassCond_Illicit,43,0,0,24,,,,,,,,,-0.005704045295715332,0
TDA: MMD Canary RawFeat Euclid tau=1-49,ClassCond_Illicit,48,0,0,24,,,,,,,,,0.03469115495681763,0
TDA: MMD Canary RawFeat Euclid tau=1-49,ClassCond_Illicit,7,1,0,24,,,,,,,,,0.014945030212402344,0
TDA: MMD Canary RawFeat Euclid tau=1-49,ClassCond_Illicit,8,1,0,24,,,,,,,,,0.03217017650604248,0
TDA: MMD Canary RawFeat Euclid tau=1-49,ClassCond_Illicit,13,1,0,24,,,,,,,,,-0.0007585287094116211,0
TDA: MMD Canary RawFeat Euclid tau=1-49,ClassCond_Illicit,14,1,0,24,,,,,,,,,0.003386974334716797,0
TDA: MMD Canary RawFeat Euclid tau=1-49,ClassCond_Illicit,15,1,0,24,,,,,,,,,0.008744955062866211,0
TDA: MMD Canary RawFeat Euclid tau=1-49,ClassCond_Illicit,16,1,0,24,,,,,,,,,0.05191373825073242,0
TDA: MMD Canary RawFeat Euclid tau=1-49,ClassCond_Illicit,17,1,0,24,,,,,,,,,0.01439976692199707,0
TDA: MMD Canary RawFeat Euclid tau=1-49,ClassCond_Illicit,18,1,0,24,,,,,,,,,-0.004920244216918945,0
TDA: MMD Canary RawFeat Euclid tau=1-49,ClassCond_Illicit,19,1,0,24,,,,,,,,,0.0004197359085083008,0
TDA: MMD Canary RawFeat Euclid tau=1-49,ClassCond_Illicit,20,1,0,24,,,,,,,,,-0.0028765201568603516,0
TDA: MMD Canary RawFeat Euclid tau=1-49,ClassCond_Illicit,21,1,0,24,,,,,,,,,0.0072127580642700195,0
TDA: MMD Canary RawFeat Euclid tau=1-49,ClassCond_Illicit,22,1,0,24,,,,,,,,,0.022815346717834473,0
TDA: MMD Canary RawFeat Euclid tau=1-49,ClassCond_Illicit,23,1,0,24,,,,,,,,,0.06938600540161133,0
TDA: MMD Canary RawFeat Euclid tau=1-49,ClassCond_Illicit,24,1,0,24,,,,,,,,,0.14327621459960938,0
TDA: MMD Canary RawFeat Euclid tau=1-49,ClassCond_Illicit,25,1,0,24,,,,,,,,,0.015282511711120605,0
TDA: MMD Canary RawFeat Euclid tau=1-49,ClassCond_Illicit,26,1,0,24,,,,,,,,,0.015900731086730957,0
TDA: MMD Canary RawFeat Euclid tau=1-49,ClassCond_Illicit,27,1,0,24,,,,,,,,,0.040342092514038086,0
TDA: MMD Canary RawFeat Euclid tau=1-49,ClassCond_Illicit,28,1,0,24,,,,,,,,,0.1351231336593628,0
TDA: MMD Canary RawFeat Euclid tau=1-49,ClassCond_Illicit,29,1,0,24,,,,,,,,,0.10050952434539795,0
TDA: MMD Canary RawFeat Euclid tau=1-49,ClassCond_Illicit,30,1,0,24,,,,,,,,,0.08983397483825684,0
TDA: MMD Canary RawFeat Euclid tau=1-49,ClassCond_Illicit,31,1,0,24,,,,,,,,,0.07694995403289795,0
TDA: MMD Canary RawFeat Euclid tau=1-49,ClassCond_Illicit,34,1,0,24,,,,,,,,,0.009508490562438965,0
TDA: MMD Canary RawFeat Euclid tau=1-49,ClassCond_Illicit,35,1,0,24,,,,,,,,,0.010883331298828125,0
TDA: MMD Canary RawFeat Euclid tau=1-49,ClassCond_Illicit,36,1,0,24,,,,,,,,,0.022659659385681152,0
TDA: MMD Canary RawFeat Euclid tau=1-49,ClassCond_Illicit,37,1,0,24,,,,,,,,,0.016709446907043457,0
TDA: MMD Canary RawFeat Euclid tau=1-49,ClassCond_Illicit,38,1,0,24,,,,,,,,,0.004933476448059082,0
TDA: MMD Canary RawFeat Euclid tau=1-49,ClassCond_Illicit,39,1,0,24,,,,,,,,,-0.0034825801849365234,0
TDA: MMD Canary RawFeat Euclid tau=1-49,ClassCond_Illicit,40,1,0,24,,,,,,,,,0.018990159034729004,0
TDA: MMD Canary RawFeat Euclid tau=1-49,ClassCond_Illicit,41,1,0,24,,,,,,,,,0.0050656795501708984,0
TDA: MMD Canary RawFeat Euclid tau=1-49,ClassCond_Illicit,42,1,0,24,,,,,,,,,0.13332724571228027,0
TDA: MMD Canary RawFeat Euclid tau=1-49,ClassCond_Illicit,43,1,0,24,,,,,,,,,-0.005704045295715332,0
TDA: MMD Canary RawFeat Euclid tau=1-49,ClassCond_Illicit,48,1,0,24,,,,,,,,,0.024058759212493896,0
TDA: MMD Canary RawFeat Euclid tau=1-49,ClassCond_Illicit,7,2,0,24,,,,,,,,,0.0014786720275878906,0
TDA: MMD Canary RawFeat Euclid tau=1-49,ClassCond_Illicit,8,2,0,24,,,,,,,,,0.013827681541442871,0
TDA: MMD Canary RawFeat Euclid tau=1-49,ClassCond_Illicit,13,2,0,24,,,,,,,,,0.0007898807525634766,0
TDA: MMD Canary RawFeat Euclid tau=1-49,ClassCond_Illicit,14,2,0,24,,,,,,,,,0.004459857940673828,0
TDA: MMD Canary RawFeat Euclid tau=1-49,ClassCond_Illicit,15,2,0,24,,,,,,,,,0.01265859603881836,0
TDA: MMD Canary RawFeat Euclid tau=1-49,ClassCond_Illicit,16,2,0,24,,,,,,,,,0.05918920040130615,0
TDA: MMD Canary RawFeat Euclid tau=1-49,ClassCond_Illicit,17,2,0,24,,,,,,,,,0.02072286605834961,0
TDA: MMD Canary RawFeat Euclid tau=1-49,ClassCond_Illicit,18,2,0,24,,,,,,,,,-0.0015628337860107422,0
TDA: MMD Canary RawFeat Euclid tau=1-49,ClassCond_Illicit,19,2,0,24,,,,,,,,,-0.005270242691040039,0
TDA: MMD Canary RawFeat Euclid tau=1-49,ClassCond_Illicit,20,2,0,24,,,,,,,,,0.011747360229492188,0
TDA: MMD Canary RawFeat Euclid tau=1-49,ClassCond_Illicit,21,2,0,24,,,,,,,,,0.03673386573791504,0
TDA: MMD Canary RawFeat Euclid tau=1-49,ClassCond_Illicit,22,2,0,24,,,,,,,,,0.042246460914611816,0
TDA: MMD Canary RawFeat Euclid tau=1-49,ClassCond_Illicit,23,2,0,24,,,,,,,,,0.10909640789031982,0
TDA: MMD Canary RawFeat Euclid tau=1-49,ClassCond_Illicit,24,2,0,24,,,,,,,,,0.19229841232299805,0
TDA: MMD Canary RawFeat Euclid tau=1-49,ClassCond_Illicit,25,2,0,24,,,,,,,,,0.03074932098388672,0
TDA: MMD Canary RawFeat Euclid tau=1-49,ClassCond_Illicit,26,2,0,24,,,,,,,,,0.024559378623962402,0
TDA: MMD Canary RawFeat Euclid tau=1-49,ClassCond_Illicit,27,2,0,24,,,,,,,,,0.02836000919342041,0
TDA: MMD Canary RawFeat Euclid tau=1-49,ClassCond_Illicit,28,2,0,24,,,,,,,,,0.09676718711853027,0
TDA: MMD Canary RawFeat Euclid tau=1-49,ClassCond_Illicit,29,2,0,24,,,,,,,,,0.06990957260131836,0
TDA: MMD Canary RawFeat Euclid tau=1-49,ClassCond_Illicit,30,2,0,24,,,,,,,,,0.05029499530792236,0
TDA: MMD Canary RawFeat Euclid tau=1-49,ClassCond_Illicit,31,2,0,24,,,,,,,,,0.018686890602111816,0
TDA: MMD Canary RawFeat Euclid tau=1-49,ClassCond_Illicit,34,2,0,24,,,,,,,,,0.01999354362487793,0
TDA: MMD Canary RawFeat Euclid tau=1-49,ClassCond_Illicit,35,2,0,24,,,,,,,,,0.012956380844116211,0
TDA: MMD Canary RawFeat Euclid tau=1-49,ClassCond_Illicit,36,2,0,24,,,,,,,,,0.022267818450927734,0
TDA: MMD Canary RawFeat Euclid tau=1-49,ClassCond_Illicit,37,2,0,24,,,,,,,,,0.029666423797607422,0
TDA: MMD Canary RawFeat Euclid tau=1-49,ClassCond_Illicit,38,2,0,24,,,,,,,,,0.004377603530883789,0
TDA: MMD Canary RawFeat Euclid tau=1-49,ClassCond_Illicit,39,2,0,24,,,,,,,,,0.011049389839172363,0
TDA: MMD Canary RawFeat Euclid tau=1-49,ClassCond_Illicit,40,2,0,24,,,,,,,,,0.005760550498962402,0
TDA: MMD Canary RawFeat Euclid tau=1-49,ClassCond_Illicit,41,2,0,24,,,,,,,,,0.007441520690917969,0
TDA: MMD Canary RawFeat Euclid tau=1-49,ClassCond_Illicit,42,2,0,24,,,,,,,,,0.07859718799591064,0
TDA: MMD Canary RawFeat Euclid tau=1-49,ClassCond_Illicit,43,2,0,24,,,,,,,,,-0.005704045295715332,0
TDA: MMD Canary RawFeat Euclid tau=1-49,ClassCond_Illicit,48,2,0,24,,,,,,,,,0.037848830223083496,0
TDA: MMD Canary RawFeat Euclid tau=1-49,ClassCond_Illicit,7,3,0,24,,,,,,,,,0.007821798324584961,0
TDA: MMD Canary RawFeat Euclid tau=1-49,ClassCond_Illicit,8,3,0,24,,,,,,,,,0.010432958602905273,0
TDA: MMD Canary RawFeat Euclid tau=1-49,ClassCond_Illicit,13,3,0,24,,,,,,,,,0.01106417179107666,0
TDA: MMD Canary RawFeat Euclid tau=1-49,ClassCond_Illicit,14,3,0,24,,,,,,,,,0.0007447004318237305,0
TDA: MMD Canary RawFeat Euclid tau=1-49,ClassCond_Illicit,15,3,0,24,,,,,,,,,-0.0005116462707519531,0
TDA: MMD Canary RawFeat Euclid tau=1-49,ClassCond_Illicit,16,3,0,24,,,,,,,,,0.051841020584106445,0
TDA: MMD Canary RawFeat Euclid tau=1-49,ClassCond_Illicit,17,3,0,24,,,,,,,,,0.011736392974853516,0
TDA: MMD Canary RawFeat Euclid tau=1-49,ClassCond_Illicit,18,3,0,24,,,,,,,,,-0.0013780593872070312,0
TDA: MMD Canary RawFeat Euclid tau=1-49,ClassCond_Illicit,19,3,0,24,,,,,,,,,-0.0032569169998168945,0
TDA: MMD Canary RawFeat Euclid tau=1-49,ClassCond_Illicit,20,3,0,24,,,,,,,,,0.005488395690917969,0
TDA: MMD Canary RawFeat Euclid tau=1-49,ClassCond_Illicit,21,3,0,24,,,,,,,,,0.008393406867980957,0
TDA: MMD Canary RawFeat Euclid tau=1-49,ClassCond_Illicit,22,3,0,24,,,,,,,,,0.014752388000488281,0
TDA: MMD Canary RawFeat Euclid tau=1-49,ClassCond_Illicit,23,3,0,24,,,,,,,,,0.17247819900512695,0
TDA: MMD Canary RawFeat Euclid tau=1-49,ClassCond_Illicit,24,3,0,24,,,,,,,,,0.22633934020996094,0
TDA: MMD Canary RawFeat Euclid tau=1-49,ClassCond_Illicit,25,3,0,24,,,,,,,,,0.03618025779724121,0
TDA: MMD Canary RawFeat Euclid tau=1-49,ClassCond_Illicit,26,3,0,24,,,,,,,,,0.034819841384887695,0
TDA: MMD Canary RawFeat Euclid tau=1-49,ClassCond_Illicit,27,3,0,24,,,,,,,,,0.01502978801727295,0
TDA: MMD Canary RawFeat Euclid tau=1-49,ClassCond_Illicit,28,3,0,24,,,,,,,,,0.1313852071762085,0
TDA: MMD Canary RawFeat Euclid tau=1-49,ClassCond_Illicit,29,3,0,24,,,,,,,,,0.10487210750579834,0
TDA: MMD Canary RawFeat Euclid tau=1-49,ClassCond_Illicit,30,3,0,24,,,,,,,,,0.07288599014282227,0
TDA: MMD Canary RawFeat Euclid tau=1-49,ClassCond_Illicit,31,3,0,24,,,,,,,,,0.037424564361572266,0
TDA: MMD Canary RawFeat Euclid tau=1-49,ClassCond_Illicit,34,3,0,24,,,,,,,,,0.01498425006866455,0
TDA: MMD Canary RawFeat Euclid tau=1-49,ClassCond_Illicit,35,3,0,24,,,,,,,,,0.010196328163146973,0
TDA: MMD Canary RawFeat Euclid tau=1-49,ClassCond_Illicit,36,3,0,24,,,,,,,,,0.011325836181640625,0
TDA: MMD Canary RawFeat Euclid tau=1-49,ClassCond_Illicit,37,3,0,24,,,,,,,,,0.04918944835662842,0
TDA: MMD Canary RawFeat Euclid tau=1-49,ClassCond_Illicit,38,3,0,24,,,,,,,,,0.03654825687408447,0
TDA: MMD Canary RawFeat Euclid tau=1-49,ClassCond_Illicit,39,3,0,24,,,,,,,,,0.006436705589294434,0
TDA: MMD Canary RawFeat Euclid tau=1-49,ClassCond_Illicit,40,3,0,24,,,,,,,,,0.0291750431060791,0
TDA: MMD Canary RawFeat Euclid tau=1-49,ClassCond_Illicit,41,3,0,24,,,,,,,,,0.042436838150024414,0
TDA: MMD Canary RawFeat Euclid tau=1-49,ClassCond_Illicit,42,3,0,24,,,,,,,,,0.08082354068756104,0
TDA: MMD Canary RawFeat Euclid tau=1-49,ClassCond_Illicit,43,3,0,24,,,,,,,,,-0.005704045295715332,0
TDA: MMD Canary RawFeat Euclid tau=1-49,ClassCond_Illicit,48,3,0,24,,,,,,,,,0.05407768487930298,0
TDA: MMD Canary RawFeat Euclid tau=1-49,ClassCond_Illicit,7,4,0,24,,,,,,,,,0.004742741584777832,0
TDA: MMD Canary RawFeat Euclid tau=1-49,ClassCond_Illicit,8,4,0,24,,,,,,,,,0.021476030349731445,0
TDA: MMD Canary RawFeat Euclid tau=1-49,ClassCond_Illicit,13,4,0,24,,,,,,,,,0.007221579551696777,0
TDA: MMD Canary RawFeat Euclid tau=1-49,ClassCond_Illicit,14,4,0,24,,,,,,,,,0.008336663246154785,0
TDA: MMD Canary RawFeat Euclid tau=1-49,ClassCond_Illicit,15,4,0,24,,,,,,,,,0.0071561336517333984,0
TDA: MMD Canary RawFeat Euclid tau=1-49,ClassCond_Illicit,16,4,0,24,,,,,,,,,0.044808387756347656,0
TDA: MMD Canary RawFeat Euclid tau=1-49,ClassCond_Illicit,17,4,0,24,,,,,,,,,0.005967855453491211,0
TDA: MMD Canary RawFeat Euclid tau=1-49,ClassCond_Illicit,18,4,0,24,,,,,,,,,0.00882720947265625,0
TDA: MMD Canary RawFeat Euclid tau=1-49,ClassCond_Illicit,19,4,0,24,,,,,,,,,0.0035247802734375,0
TDA: MMD Canary RawFeat Euclid tau=1-49,ClassCond_Illicit,20,4,0,24,,,,,,,,,0.00020205974578857422,0
TDA: MMD Canary RawFeat Euclid tau=1-49,ClassCond_Illicit,21,4,0,24,,,,,,,,,0.0019495487213134766,0
TDA: MMD Canary RawFeat Euclid tau=1-49,ClassCond_Illicit,22,4,0,24,,,,,,,,,0.010127425193786621,0
TDA: MMD Canary RawFeat Euclid tau=1-49,ClassCond_Illicit,23,4,0,24,,,,,,,,,0.04630720615386963,0
TDA: MMD Canary RawFeat Euclid tau=1-49,ClassCond_Illicit,24,4,0,24,,,,,,,,,0.11684513092041016,0
TDA: MMD Canary RawFeat Euclid tau=1-49,ClassCond_Illicit,25,4,0,24,,,,,,,,,0.007033228874206543,0
TDA: MMD Canary RawFeat Euclid tau=1-49,ClassCond_Illicit,26,4,0,24,,,,,,,,,0.012867331504821777,0
TDA: MMD Canary RawFeat Euclid tau=1-49,ClassCond_Illicit,27,4,0,24,,,,,,,,,0.01199495792388916,0
TDA: MMD Canary RawFeat Euclid tau=1-49,ClassCond_Illicit,28,4,0,24,,,,,,,,,0.2104891538619995,0
TDA: MMD Canary RawFeat Euclid tau=1-49,ClassCond_Illicit,29,4,0,24,,,,,,,,,0.1975877285003662,0
TDA: MMD Canary RawFeat Euclid tau=1-49,ClassCond_Illicit,30,4,0,24,,,,,,,,,0.04103994369506836,0
TDA: MMD Canary RawFeat Euclid tau=1-49,ClassCond_Illicit,31,4,0,24,,,,,,,,,0.025483012199401855,0
TDA: MMD Canary RawFeat Euclid tau=1-49,ClassCond_Illicit,34,4,0,24,,,,,,,,,0.011136174201965332,0
TDA: MMD Canary RawFeat Euclid tau=1-49,ClassCond_Illicit,35,4,0,24,,,,,,,,,0.011989831924438477,0
TDA: MMD Canary RawFeat Euclid tau=1-49,ClassCond_Illicit,36,4,0,24,,,,,,,,,0.026744723320007324,0
TDA: MMD Canary RawFeat Euclid tau=1-49,ClassCond_Illicit,37,4,0,24,,,,,,,,,0.013360023498535156,0
TDA: MMD Canary RawFeat Euclid tau=1-49,ClassCond_Illicit,38,4,0,24,,,,,,,,,-0.0005098581314086914,0
TDA: MMD Canary RawFeat Euclid tau=1-49,ClassCond_Illicit,39,4,0,24,,,,,,,,,0.006592869758605957,0
TDA: MMD Canary RawFeat Euclid tau=1-49,ClassCond_Illicit,40,4,0,24,,,,,,,,,0.019562244415283203,0
TDA: MMD Canary RawFeat Euclid tau=1-49,ClassCond_Illicit,41,4,0,24,,,,,,,,,0.033542633056640625,0
TDA: MMD Canary RawFeat Euclid tau=1-49,ClassCond_Illicit,42,4,0,24,,,,,,,,,0.09310078620910645,0
TDA: MMD Canary RawFeat Euclid tau=1-49,ClassCond_Illicit,43,4,0,24,,,,,,,,,-0.005704045295715332,0
TDA: MMD Canary RawFeat Euclid tau=1-49,ClassCond_Illicit,48,4,0,24,,,,,,,,,0.031759023666381836,0
TDA: MMD Canary RawFeat Euclid tau=1-49,ClassCond_Illicit,7,5,0,24,,,,,,,,,-0.0018000602722167969,0
TDA: MMD Canary RawFeat Euclid tau=1-49,ClassCond_Illicit,8,5,0,24,,,,,,,,,0.015027284622192383,0
TDA: MMD Canary RawFeat Euclid tau=1-49,ClassCond_Illicit,13,5,0,24,,,,,,,,,-0.0009683370590209961,0
TDA: MMD Canary RawFeat Euclid tau=1-49,ClassCond_Illicit,14,5,0,24,,,,,,,,,0.0068694353103637695,0
TDA: MMD Canary RawFeat Euclid tau=1-49,ClassCond_Illicit,15,5,0,24,,,,,,,,,0.0031278133392333984,0
TDA: MMD Canary RawFeat Euclid tau=1-49,ClassCond_Illicit,16,5,0,24,,,,,,,,,0.0476151704788208,0
TDA: MMD Canary RawFeat Euclid tau=1-49,ClassCond_Illicit,17,5,0,24,,,,,,,,,0.01148843765258789,0
TDA: MMD Canary RawFeat Euclid tau=1-49,ClassCond_Illicit,18,5,0,24,,,,,,,,,0.009171724319458008,0
TDA: MMD Canary RawFeat Euclid tau=1-49,ClassCond_Illicit,19,5,0,24,,,,,,,,,0.004518985748291016,0
TDA: MMD Canary RawFeat Euclid tau=1-49,ClassCond_Illicit,20,5,0,24,,,,,,,,,0.008385658264160156,0
TDA: MMD Canary RawFeat Euclid tau=1-49,ClassCond_Illicit,21,5,0,24,,,,,,,,,0.0050694942474365234,0
TDA: MMD Canary RawFeat Euclid tau=1-49,ClassCond_Illicit,22,5,0,24,,,,,,,,,0.01645529270172119,0
TDA: MMD Canary RawFeat Euclid tau=1-49,ClassCond_Illicit,23,5,0,24,,,,,,,,,0.13469386100769043,0
TDA: MMD Canary RawFeat Euclid tau=1-49,ClassCond_Illicit,24,5,0,24,,,,,,,,,0.24171078205108643,0
TDA: MMD Canary RawFeat Euclid tau=1-49,ClassCond_Illicit,25,5,0,24,,,,,,,,,0.015340089797973633,0
TDA: MMD Canary RawFeat Euclid tau=1-49,ClassCond_Illicit,26,5,0,24,,,,,,,,,0.01562511920928955,0
TDA: MMD Canary RawFeat Euclid tau=1-49,ClassCond_Illicit,27,5,0,24,,,,,,,,,0.012329816818237305,0
TDA: MMD Canary RawFeat Euclid tau=1-49,ClassCond_Illicit,28,5,0,24,,,,,,,,,0.12478482723236084,0
TDA: MMD Canary RawFeat Euclid tau=1-49,ClassCond_Illicit,29,5,0,24,,,,,,,,,0.11886024475097656,0
TDA: MMD Canary RawFeat Euclid tau=1-49,ClassCond_Illicit,30,5,0,24,,,,,,,,,0.035346031188964844,0
TDA: MMD Canary RawFeat Euclid tau=1-49,ClassCond_Illicit,31,5,0,24,,,,,,,,,0.008957743644714355,0
TDA: MMD Canary RawFeat Euclid tau=1-49,ClassCond_Illicit,34,5,0,24,,,,,,,,,0.027553319931030273,0
TDA: MMD Canary RawFeat Euclid tau=1-49,ClassCond_Illicit,35,5,0,24,,,,,,,,,0.022951722145080566,0
TDA: MMD Canary RawFeat Euclid tau=1-49,ClassCond_Illicit,36,5,0,24,,,,,,,,,0.012425541877746582,0
TDA: MMD Canary RawFeat Euclid tau=1-49,ClassCond_Illicit,37,5,0,24,,,,,,,,,0.003736257553100586,0
TDA: MMD Canary RawFeat Euclid tau=1-49,ClassCond_Illicit,38,5,0,24,,,,,,,,,0.004941701889038086,0
TDA: MMD Canary RawFeat Euclid tau=1-49,ClassCond_Illicit,39,5,0,24,,,,,,,,,0.028171658515930176,0
TDA: MMD Canary RawFeat Euclid tau=1-49,ClassCond_Illicit,40,5,0,24,,,,,,,,,0.02235543727874756,0
TDA: MMD Canary RawFeat Euclid tau=1-49,ClassCond_Illicit,41,5,0,24,,,,,,,,,0.02992236614227295,0
TDA: MMD Canary RawFeat Euclid tau=1-49,ClassCond_Illicit,42,5,0,24,,,,,,,,,0.12261533737182617,0
TDA: MMD Canary RawFeat Euclid tau=1-49,ClassCond_Illicit,43,5,0,24,,,,,,,,,-0.005704045295715332,0
TDA: MMD Canary RawFeat Euclid tau=1-49,ClassCond_Illicit,48,5,0,24,,,,,,,,,0.04396897554397583,0
TDA: MMD Canary RawFeat Euclid tau=1-49,ClassCond_Illicit,7,6,0,24,,,,,,,,,0.004276394844055176,0
TDA: MMD Canary RawFeat Euclid tau=1-49,ClassCond_Illicit,8,6,0,24,,,,,,,,,0.01951467990875244,0
TDA: MMD Canary RawFeat Euclid tau=1-49,ClassCond_Illicit,13,6,0,24,,,,,,,,,0.00773930549621582,0
TDA: MMD Canary RawFeat Euclid tau=1-49,ClassCond_Illicit,14,6,0,24,,,,,,,,,0.00014078617095947266,0
TDA: MMD Canary RawFeat Euclid tau=1-49,ClassCond_Illicit,15,6,0,24,,,,,,,,,0.0052013397216796875,0
TDA: MMD Canary RawFeat Euclid tau=1-49,ClassCond_Illicit,16,6,0,24,,,,,,,,,0.04512166976928711,0
TDA: MMD Canary RawFeat Euclid tau=1-49,ClassCond_Illicit,17,6,0,24,,,,,,,,,0.01723456382751465,0
TDA: MMD Canary RawFeat Euclid tau=1-49,ClassCond_Illicit,18,6,0,24,,,,,,,,,-0.0023851394653320312,0
TDA: MMD Canary RawFeat Euclid tau=1-49,ClassCond_Illicit,19,6,0,24,,,,,,,,,0.001976609230041504,0
TDA: MMD Canary RawFeat Euclid tau=1-49,ClassCond_Illicit,20,6,0,24,,,,,,,,,-0.0020236968994140625,0
TDA: MMD Canary RawFeat Euclid tau=1-49,ClassCond_Illicit,21,6,0,24,,,,,,,,,0.011535406112670898,0
TDA: MMD Canary RawFeat Euclid tau=1-49,ClassCond_Illicit,22,6,0,24,,,,,,,,,0.03690993785858154,0
TDA: MMD Canary RawFeat Euclid tau=1-49,ClassCond_Illicit,23,6,0,24,,,,,,,,,0.048743367195129395,0
TDA: MMD Canary RawFeat Euclid tau=1-49,ClassCond_Illicit,24,6,0,24,,,,,,,,,0.13638675212860107,0
TDA: MMD Canary RawFeat Euclid tau=1-49,ClassCond_Illicit,25,6,0,24,,,,,,,,,0.01535189151763916,0
TDA: MMD Canary RawFeat Euclid tau=1-49,ClassCond_Illicit,26,6,0,24,,,,,,,,,0.016548991203308105,0
TDA: MMD Canary RawFeat Euclid tau=1-49,ClassCond_Illicit,27,6,0,24,,,,,,,,,0.02341282367706299,0
TDA: MMD Canary RawFeat Euclid tau=1-49,ClassCond_Illicit,28,6,0,24,,,,,,,,,0.19048571586608887,0
TDA: MMD Canary RawFeat Euclid tau=1-49,ClassCond_Illicit,29,6,0,24,,,,,,,,,0.18648695945739746,0
TDA: MMD Canary RawFeat Euclid tau=1-49,ClassCond_Illicit,30,6,0,24,,,,,,,,,0.05813002586364746,0
TDA: MMD Canary RawFeat Euclid tau=1-49,ClassCond_Illicit,31,6,0,24,,,,,,,,,0.03293287754058838,0
TDA: MMD Canary RawFeat Euclid tau=1-49,ClassCond_Illicit,34,6,0,24,,,,,,,,,0.030159354209899902,0
TDA: MMD Canary RawFeat Euclid tau=1-49,ClassCond_Illicit,35,6,0,24,,,,,,,,,0.017290234565734863,0
TDA: MMD Canary RawFeat Euclid tau=1-49,ClassCond_Illicit,36,6,0,24,,,,,,,,,0.00022363662719726562,0
TDA: MMD Canary RawFeat Euclid tau=1-49,ClassCond_Illicit,37,6,0,24,,,,,,,,,0.004775881767272949,0
TDA: MMD Canary RawFeat Euclid tau=1-49,ClassCond_Illicit,38,6,0,24,,,,,,,,,0.005294322967529297,0
TDA: MMD Canary RawFeat Euclid tau=1-49,ClassCond_Illicit,39,6,0,24,,,,,,,,,0.00855398178100586,0
TDA: MMD Canary RawFeat Euclid tau=1-49,ClassCond_Illicit,40,6,0,24,,,,,,,,,0.0364762544631958,0
TDA: MMD Canary RawFeat Euclid tau=1-49,ClassCond_Illicit,41,6,0,24,,,,,,,,,0.04620802402496338,0
TDA: MMD Canary RawFeat Euclid tau=1-49,ClassCond_Illicit,42,6,0,24,,,,,,,,,0.11686992645263672,0
TDA: MMD Canary RawFeat Euclid tau=1-49,ClassCond_Illicit,43,6,0,24,,,,,,,,,-0.005704045295715332,0
TDA: MMD Canary RawFeat Euclid tau=1-49,ClassCond_Illicit,48,6,0,24,,,,,,,,,0.02663588523864746,0
TDA: MMD Canary RawFeat Euclid tau=1-49,ClassCond_Illicit,7,7,0,24,,,,,,,,,0.0022592544555664062,0
TDA: MMD Canary RawFeat Euclid tau=1-49,ClassCond_Illicit,8,7,0,24,,,,,,,,,0.016591310501098633,0
TDA: MMD Canary RawFeat Euclid tau=1-49,ClassCond_Illicit,13,7,0,24,,,,,,,,,0.002829909324645996,0
TDA: MMD Canary RawFeat Euclid tau=1-49,ClassCond_Illicit,14,7,0,24,,,,,,,,,0.003302454948425293,0
TDA: MMD Canary RawFeat Euclid tau=1-49,ClassCond_Illicit,15,7,0,24,,,,,,,,,0.006788730621337891,0
TDA: MMD Canary RawFeat Euclid tau=1-49,ClassCond_Illicit,16,7,0,24,,,,,,,,,0.03524470329284668,0
TDA: MMD Canary RawFeat Euclid tau=1-49,ClassCond_Illicit,17,7,0,24,,,,,,,,,0.006613373756408691,0
TDA: MMD Canary RawFeat Euclid tau=1-49,ClassCond_Illicit,18,7,0,24,,,,,,,,,0.005381107330322266,0
TDA: MMD Canary RawFeat Euclid tau=1-49,ClassCond_Illicit,19,7,0,24,,,,,,,,,-0.00028824806213378906,0
TDA: MMD Canary RawFeat Euclid tau=1-49,ClassCond_Illicit,20,7,0,24,,,,,,,,,0.0009764432907104492,0
TDA: MMD Canary RawFeat Euclid tau=1-49,ClassCond_Illicit,21,7,0,24,,,,,,,,,0.008698344230651855,0
TDA: MMD Canary RawFeat Euclid tau=1-49,ClassCond_Illicit,22,7,0,24,,,,,,,,,0.03738760948181152,0
TDA: MMD Canary RawFeat Euclid tau=1-49,ClassCond_Illicit,23,7,0,24,,,,,,,,,0.09454572200775146,0
TDA: MMD Canary RawFeat Euclid tau=1-49,ClassCond_Illicit,24,7,0,24,,,,,,,,,0.1697540283203125,0
TDA: MMD Canary RawFeat Euclid tau=1-49,ClassCond_Illicit,25,7,0,24,,,,,,,,,0.016698837280273438,0
TDA: MMD Canary RawFeat Euclid tau=1-49,ClassCond_Illicit,26,7,0,24,,,,,,,,,0.02287924289703369,0
TDA: MMD Canary RawFeat Euclid tau=1-49,ClassCond_Illicit,27,7,0,24,,,,,,,,,0.03292834758758545,0
TDA: MMD Canary RawFeat Euclid tau=1-49,ClassCond_Illicit,28,7,0,24,,,,,,,,,0.15434229373931885,0
TDA: MMD Canary RawFeat Euclid tau=1-49,ClassCond_Illicit,29,7,0,24,,,,,,,,,0.14773237705230713,0
TDA: MMD Canary RawFeat Euclid tau=1-49,ClassCond_Illicit,30,7,0,24,,,,,,,,,0.020008563995361328,0
TDA: MMD Canary RawFeat Euclid tau=1-49,ClassCond_Illicit,31,7,0,24,,,,,,,,,0.010672450065612793,0
TDA: MMD Canary RawFeat Euclid tau=1-49,ClassCond_Illicit,34,7,0,24,,,,,,,,,0.024554967880249023,0
TDA: MMD Canary RawFeat Euclid tau=1-49,ClassCond_Illicit,35,7,0,24,,,,,,,,,0.011533379554748535,0
TDA: MMD Canary RawFeat Euclid tau=1-49,ClassCond_Illicit,36,7,0,24,,,,,,,,,0.006265521049499512,0
TDA: MMD Canary RawFeat Euclid tau=1-49,ClassCond_Illicit,37,7,0,24,,,,,,,,,0.00817716121673584,0
TDA: MMD Canary RawFeat Euclid tau=1-49,ClassCond_Illicit,38,7,0,24,,,,,,,,,-0.004472255706787109,0
TDA: MMD Canary RawFeat Euclid tau=1-49,ClassCond_Illicit,39,7,0,24,,,,,,,,,0.0030504465103149414,0
TDA: MMD Canary RawFeat Euclid tau=1-49,ClassCond_Illicit,40,7,0,24,,,,,,,,,-2.5510787963867188e-05,0
TDA: MMD Canary RawFeat Euclid tau=1-49,ClassCond_Illicit,41,7,0,24,,,,,,,,,0.008900761604309082,0
TDA: MMD Canary RawFeat Euclid tau=1-49,ClassCond_Illicit,42,7,0,24,,,,,,,,,0.10777342319488525,0
TDA: MMD Canary RawFeat Euclid tau=1-49,ClassCond_Illicit,43,7,0,24,,,,,,,,,-0.005704045295715332,0
TDA: MMD Canary RawFeat Euclid tau=1-49,ClassCond_Illicit,48,7,0,24,,,,,,,,,0.028615951538085938,0
TDA: MMD Canary RawFeat Euclid tau=1-49,ClassCond_Illicit,7,8,0,24,,,,,,,,,0.001253366470336914,0
TDA: MMD Canary RawFeat Euclid tau=1-49,ClassCond_Illicit,8,8,0,24,,,,,,,,,0.032489895820617676,0
TDA: MMD Canary RawFeat Euclid tau=1-49,ClassCond_Illicit,13,8,0,24,,,,,,,,,0.009404778480529785,0
TDA: MMD Canary RawFeat Euclid tau=1-49,ClassCond_Illicit,14,8,0,24,,,,,,,,,-0.0006175041198730469,0
TDA: MMD Canary RawFeat Euclid tau=1-49,ClassCond_Illicit,15,8,0,24,,,,,,,,,0.0022623538970947266,0
TDA: MMD Canary RawFeat Euclid tau=1-49,ClassCond_Illicit,16,8,0,24,,,,,,,,,0.050544142723083496,0
TDA: MMD Canary RawFeat Euclid tau=1-49,ClassCond_Illicit,17,8,0,24,,,,,,,,,0.013991713523864746,0
TDA: MMD Canary RawFeat Euclid tau=1-49,ClassCond_Illicit,18,8,0,24,,,,,,,,,0.0038423538208007812,0
TDA: MMD Canary RawFeat Euclid tau=1-49,ClassCond_Illicit,19,8,0,24,,,,,,,,,0.014204978942871094,0
TDA: MMD Canary RawFeat Euclid tau=1-49,ClassCond_Illicit,20,8,0,24,,,,,,,,,0.002409219741821289,0
TDA: MMD Canary RawFeat Euclid tau=1-49,ClassCond_Illicit,21,8,0,24,,,,,,,,,0.011795520782470703,0
TDA: MMD Canary RawFeat Euclid tau=1-49,ClassCond_Illicit,22,8,0,24,,,,,,,,,0.022751927375793457,0
TDA: MMD Canary RawFeat Euclid tau=1-49,ClassCond_Illicit,23,8,0,24,,,,,,,,,0.016892075538635254,0
TDA: MMD Canary RawFeat Euclid tau=1-49,ClassCond_Illicit,24,8,0,24,,,,,,,,,0.08288848400115967,0
TDA: MMD Canary RawFeat Euclid tau=1-49,ClassCond_Illicit,25,8,0,24,,,,,,,,,0.021290063858032227,0
TDA: MMD Canary RawFeat Euclid tau=1-49,ClassCond_Illicit,26,8,0,24,,,,,,,,,0.028738021850585938,0
TDA: MMD Canary RawFeat Euclid tau=1-49,ClassCond_Illicit,27,8,0,24,,,,,,,,,0.017433762550354004,0
TDA: MMD Canary RawFeat Euclid tau=1-49,ClassCond_Illicit,28,8,0,24,,,,,,,,,0.17849552631378174,0
TDA: MMD Canary RawFeat Euclid tau=1-49,ClassCond_Illicit,29,8,0,24,,,,,,,,,0.17285645008087158,0
TDA: MMD Canary RawFeat Euclid tau=1-49,ClassCond_Illicit,30,8,0,24,,,,,,,,,0.0643080472946167,0
TDA: MMD Canary RawFeat Euclid tau=1-49,ClassCond_Illicit,31,8,0,24,,,,,,,,,-0.004445791244506836,0
TDA: MMD Canary RawFeat Euclid tau=1-49,ClassCond_Illicit,34,8,0,24,,,,,,,,,0.0189816951751709,0
TDA: MMD Canary RawFeat Euclid tau=1-49,ClassCond_Illicit,35,8,0,24,,,,,,,,,0.02335512638092041,0
TDA: MMD Canary RawFeat Euclid tau=1-49,ClassCond_Illicit,36,8,0,24,,,,,,,,,0.008375883102416992,0
TDA: MMD Canary RawFeat Euclid tau=1-49,ClassCond_Illicit,37,8,0,24,,,,,,,,,0.011135220527648926,0
TDA: MMD Canary RawFeat Euclid tau=1-49,ClassCond_Illicit,38,8,0,24,,,,,,,,,0.015942692756652832,0
TDA: MMD Canary RawFeat Euclid tau=1-49,ClassCond_Illicit,39,8,0,24,,,,,,,,,0.01897740364074707,0
TDA: MMD Canary RawFeat Euclid tau=1-49,ClassCond_Illicit,40,8,0,24,,,,,,,,,0.05308985710144043,0
TDA: MMD Canary RawFeat Euclid tau=1-49,ClassCond_Illicit,41,8,0,24,,,,,,,,,0.08933103084564209,0
TDA: MMD Canary RawFeat Euclid tau=1-49,ClassCond_Illicit,42,8,0,24,,,,,,,,,0.13053882122039795,0
TDA: MMD Canary RawFeat Euclid tau=1-49,ClassCond_Illicit,43,8,0,24,,,,,,,,,-0.005704045295715332,0
TDA: MMD Canary RawFeat Euclid tau=1-49,ClassCond_Illicit,48,8,0,24,,,,,,,,,0.0216597318649292,0
TDA: MMD Canary RawFeat Euclid tau=1-49,ClassCond_Illicit,7,9,0,24,,,,,,,,,0.0032799243927001953,0
TDA: MMD Canary RawFeat Euclid tau=1-49,ClassCond_Illicit,8,9,0,24,,,,,,,,,0.029032349586486816,0
TDA: MMD Canary RawFeat Euclid tau=1-49,ClassCond_Illicit,13,9,0,24,,,,,,,,,0.00419306755065918,0
TDA: MMD Canary RawFeat Euclid tau=1-49,ClassCond_Illicit,14,9,0,24,,,,,,,,,2.7418136596679688e-06,0
TDA: MMD Canary RawFeat Euclid tau=1-49,ClassCond_Illicit,15,9,0,24,,,,,,,,,0.0009726285934448242,0
TDA: MMD Canary RawFeat Euclid tau=1-49,ClassCond_Illicit,16,9,0,24,,,,,,,,,0.03321278095245361,0
TDA: MMD Canary RawFeat Euclid tau=1-49,ClassCond_Illicit,17,9,0,24,,,,,,,,,0.010154008865356445,0
TDA: MMD Canary RawFeat Euclid tau=1-49,ClassCond_Illicit,18,9,0,24,,,,,,,,,0.007212638854980469,0
TDA: MMD Canary RawFeat Euclid tau=1-49,ClassCond_Illicit,19,9,0,24,,,,,,,,,0.003865361213684082,0
TDA: MMD Canary RawFeat Euclid tau=1-49,ClassCond_Illicit,20,9,0,24,,,,,,,,,0.0012089014053344727,0
TDA: MMD Canary RawFeat Euclid tau=1-49,ClassCond_Illicit,21,9,0,24,,,,,,,,,0.011773943901062012,0
TDA: MMD Canary RawFeat Euclid tau=1-49,ClassCond_Illicit,22,9,0,24,,,,,,,,,0.04136860370635986,0
TDA: MMD Canary RawFeat Euclid tau=1-49,ClassCond_Illicit,23,9,0,24,,,,,,,,,0.10315310955047607,0
TDA: MMD Canary RawFeat Euclid tau=1-49,ClassCond_Illicit,24,9,0,24,,,,,,,,,0.16113901138305664,0
TDA: MMD Canary RawFeat Euclid tau=1-49,ClassCond_Illicit,25,9,0,24,,,,,,,,,0.008487701416015625,0
TDA: MMD Canary RawFeat Euclid tau=1-49,ClassCond_Illicit,26,9,0,24,,,,,,,,,0.00467228889465332,0
TDA: MMD Canary RawFeat Euclid tau=1-49,ClassCond_Illicit,27,9,0,24,,,,,,,,,0.018178701400756836,0
TDA: MMD Canary RawFeat Euclid tau=1-49,ClassCond_Illicit,28,9,0,24,,,,,,,,,0.1373218297958374,0
TDA: MMD Canary RawFeat Euclid tau=1-49,ClassCond_Illicit,29,9,0,24,,,,,,,,,0.14299428462982178,0
TDA: MMD Canary RawFeat Euclid tau=1-49,ClassCond_Illicit,30,9,0,24,,,,,,,,,0.04035747051239014,0
TDA: MMD Canary RawFeat Euclid tau=1-49,ClassCond_Illicit,31,9,0,24,,,,,,,,,0.009975910186767578,0
TDA: MMD Canary RawFeat Euclid tau=1-49,ClassCond_Illicit,34,9,0,24,,,,,,,,,0.01576519012451172,0
TDA: MMD Canary RawFeat Euclid tau=1-49,ClassCond_Illicit,35,9,0,24,,,,,,,,,0.004466891288757324,0
TDA: MMD Canary RawFeat Euclid tau=1-49,ClassCond_Illicit,36,9,0,24,,,,,,,,,0.025766491889953613,0
TDA: MMD Canary RawFeat Euclid tau=1-49,ClassCond_Illicit,37,9,0,24,,,,,,,,,0.024396419525146484,0
TDA: MMD Canary RawFeat Euclid tau=1-49,ClassCond_Illicit,38,9,0,24,,,,,,,,,-0.0044171810150146484,0
TDA: MMD Canary RawFeat Euclid tau=1-49,ClassCond_Illicit,39,9,0,24,,,,,,,,,0.0038291215896606445,0
TDA: MMD Canary RawFeat Euclid tau=1-49,ClassCond_Illicit,40,9,0,24,,,,,,,,,0.021311521530151367,0
TDA: MMD Canary RawFeat Euclid tau=1-49,ClassCond_Illicit,41,9,0,24,,,,,,,,,0.026135563850402832,0
TDA: MMD Canary RawFeat Euclid tau=1-49,ClassCond_Illicit,42,9,0,24,,,,,,,,,0.10656440258026123,0
TDA: MMD Canary RawFeat Euclid tau=1-49,ClassCond_Illicit,43,9,0,24,,,,,,,,,-0.005704045295715332,0
TDA: MMD Canary RawFeat Euclid tau=1-49,ClassCond_Illicit,48,9,0,24,,,,,,,,,0.026844441890716553,0
